ID,Case Number,Date,Block,IUCR,Primary Type,Description,Location Description,Arrest,Domestic,Beat,District,Ward,Community Area,FBI Code,X Coordinate,Y Coordinate,Year,Updated On,Latitude,Longitude,Location
10706101,HZ462434,09/01/2016 12:00:00 AM,040XX N GREENVIEW AVE,1153,DECEPTIVE PRACTICE,FINANCIAL IDENTITY THEFT OVER $ 300,,false,false,1912,019,47,6,11,,,2016,10/06/2016 03:54:49 PM,,,
10699294,HZ454754,09/01/2016 12:00:00 AM,048XX W BYRON ST,2826,OTHER OFFENSE,HARASSMENT BY ELECTRONIC MEANS,RESIDENCE,false,true,1634,016,45,15,26,,,2016,09/30/2016 03:52:35 PM,,,
10693199,HZ447924,09/01/2016 12:00:00 AM,041XX S FEDERAL ST,0810,THEFT,OVER $500,APARTMENT,false,false,0213,002,3,38,06,1176378,1877703,2016,09/26/2016 03:52:09 PM,41.819771291,-87.628481227,"(41.819771291, -87.628481227)"
10689696,HZ444063,09/01/2016 12:00:00 AM,001XX N WOLCOTT AVE,1751,OFFENSE INVOLVING CHILDREN,CRIM SEX ABUSE BY FAM MEMBER,RESIDENCE,false,true,1223,012,27,28,20,1163722,1900910,2016,09/26/2016 03:52:09 PM,41.883729075,-87.67425529,"(41.883729075, -87.67425529)"
10678497,HZ431145,09/01/2016 12:00:00 AM,033XX N SHEFFIELD AVE,0820,THEFT,$500 AND UNDER,RESIDENTIAL YARD (FRONT/BACK),false,false,1924,019,44,6,06,1169017,1922375,2016,09/15/2016 03:48:20 PM,41.942517023,-87.654187534,"(41.942517023, -87.654187534)"
10675339,HZ427545,09/01/2016 12:00:00 AM,076XX S STEWART AVE,0560,ASSAULT,SIMPLE,APARTMENT,false,true,0621,006,17,69,08A,1174950,1854270,2016,09/12/2016 03:57:28 PM,41.755500696,-87.63441848,"(41.755500696, -87.63441848)"
10674857,HZ426794,09/01/2016 12:00:00 AM,085XX S BENNETT AVE,1153,DECEPTIVE PRACTICE,FINANCIAL IDENTITY THEFT OVER $ 300,RESIDENCE,false,false,0412,004,8,45,11,1190338,1848793,2016,09/12/2016 03:57:28 PM,41.740114429,-87.578202208,"(41.740114429, -87.578202208)"
10672804,HZ424442,09/01/2016 12:00:00 AM,021XX W Churchill St,0810,THEFT,OVER $500,STREET,false,false,1434,014,32,24,06,1161519,1912153,2016,09/12/2016 03:57:28 PM,41.914626899,-87.682031471,"(41.914626899, -87.682031471)"
10671877,HZ423713,09/01/2016 12:00:00 AM,092XX S WOODLAWN AVE,1320,CRIMINAL DAMAGE,TO VEHICLE,RESIDENTIAL YARD (FRONT/BACK),false,false,0413,004,8,47,14,1185823,1843924,2016,09/12/2016 03:57:28 PM,41.726860894,-87.594897424,"(41.726860894, -87.594897424)"
10669255,HZ420516,09/01/2016 12:00:00 AM,009XX N CENTRAL PARK AVE,0266,CRIM SEXUAL ASSAULT,PREDATORY,RESIDENCE,false,true,1112,011,27,23,02,1152211,1905971,2016,09/08/2016 03:48:43 PM,41.897851784,-87.71639126,"(41.897851784, -87.71639126)"
10666863,HZ417532,09/01/2016 12:00:00 AM,015XX W NORTH AVE,0820,THEFT,$500 AND UNDER,STREET,false,false,1433,014,1,24,06,1165866,1910738,2016,09/08/2016 03:48:43 PM,41.910652354,-87.666101686,"(41.910652354, -87.666101686)"
10701835,HZ457622,09/01/2016 12:01:00 AM,100XX S CRANDON AVE,1310,CRIMINAL DAMAGE,TO PROPERTY,RESIDENCE,false,false,0431,004,7,51,14,,,2016,10/02/2016 03:49:39 PM,,,
10692232,HZ446511,09/01/2016 12:01:00 AM,011XX N WESTERN AVE,0281,CRIM SEXUAL ASSAULT,NON-AGGRAVATED,"SCHOOL, PUBLIC, BUILDING",false,false,1212,012,1,24,02,1160197,1907701,2016,09/26/2016 03:52:09 PM,41.902437713,-87.687011559,"(41.902437713, -87.687011559)"
10689377,HZ443604,09/01/2016 12:01:00 AM,035XX W 26TH ST,0281,CRIM SEXUAL ASSAULT,NON-AGGRAVATED,STREET,false,false,1024,010,22,30,02,1153203,1886501,2016,09/26/2016 03:52:09 PM,41.844404349,-87.713264301,"(41.844404349, -87.713264301)"
10679786,HZ432515,09/01/2016 12:01:00 AM,078XX S PHILLIPS AVE,0890,THEFT,FROM BUILDING,APARTMENT,false,true,0421,004,7,43,06,1193888,1853499,2016,09/15/2016 03:48:20 PM,41.752941866,-87.565041749,"(41.752941866, -87.565041749)"
10670810,HZ422204,09/01/2016 12:01:00 AM,080XX S WABASH AVE,0810,THEFT,OVER $500,RESIDENTIAL YARD (FRONT/BACK),false,false,0623,006,6,44,06,1178105,1851748,2016,09/08/2016 03:48:43 PM,41.748509119,-87.62293258,"(41.748509119, -87.62293258)"
10666714,HZ417380,09/01/2016 12:01:00 AM,108XX S RIDGEWAY AVE,0820,THEFT,$500 AND UNDER,RESIDENTIAL YARD (FRONT/BACK),false,false,2211,022,19,74,06,1153276,1832507,2016,09/08/2016 03:48:43 PM,41.696234854,-87.714422295,"(41.696234854, -87.714422295)"
10665632,HZ416138,09/01/2016 12:01:00 AM,002XX N WABASH AVE,0820,THEFT,$500 AND UNDER,STREET,false,false,0111,001,42,32,06,1176777,1901797,2016,09/08/2016 03:48:43 PM,41.885877917,-87.626289762,"(41.885877917, -87.626289762)"
10665275,HZ415967,09/01/2016 12:01:00 AM,071XX S WHIPPLE ST,0820,THEFT,$500 AND UNDER,RESIDENCE,false,false,0831,008,18,66,06,1157275,1857074,2016,09/08/2016 03:48:43 PM,41.76357108,-87.699117516,"(41.76357108, -87.699117516)"
10664868,HZ415605,09/01/2016 12:01:00 AM,009XX W 85TH ST,1365,CRIMINAL TRESPASS,TO RESIDENCE,APARTMENT,false,true,0613,006,21,71,26,1171616,1848471,2016,09/08/2016 03:48:43 PM,41.739661151,-87.646806288,"(41.739661151, -87.646806288)"
10664851,HZ415586,09/01/2016 12:03:00 AM,054XX W CONGRESS PKWY,0486,BATTERY,DOMESTIC BATTERY SIMPLE,APARTMENT,false,true,1522,015,29,25,08B,1140270,1897151,2016,09/08/2016 03:48:43 PM,41.873875851,-87.760466132,"(41.873875851, -87.760466132)"
10666138,HZ416888,09/01/2016 12:05:00 AM,030XX S QUINN ST,0810,THEFT,OVER $500,APARTMENT,false,false,0913,009,11,60,06,1170800,1884580,2016,09/08/2016 03:48:43 PM,41.838766166,-87.648742541,"(41.838766166, -87.648742541)"
10665345,HZ415964,09/01/2016 12:05:00 AM,037XX N KEELER AVE,0610,BURGLARY,FORCIBLE ENTRY,RESIDENCE-GARAGE,false,false,1731,017,38,16,05,1147743,1924445,2016,09/08/2016 03:48:43 PM,41.948633169,-87.732326342,"(41.948633169, -87.732326342)"
10664898,HZ415595,09/01/2016 12:06:00 AM,047XX W CONGRESS PKWY,0486,BATTERY,DOMESTIC BATTERY SIMPLE,ALLEY,false,true,1131,011,24,25,08B,1144935,1897275,2016,09/08/2016 03:48:43 PM,41.874129407,-87.74333513,"(41.874129407, -87.74333513)"
10664844,HZ415589,09/01/2016 12:07:00 AM,053XX N KEDZIE AVE,0460,BATTERY,SIMPLE,STREET,true,false,1712,017,40,13,08B,1154079,1935317,2016,09/08/2016 03:48:43 PM,41.978342338,-87.708744947,"(41.978342338, -87.708744947)"
10664828,HZ415594,09/01/2016 12:07:00 AM,048XX W DIVERSEY AVE,1320,CRIMINAL DAMAGE,TO VEHICLE,STREET,false,false,2521,025,31,19,14,1143662,1918181,2016,09/08/2016 03:48:43 PM,41.931521715,-87.747484859,"(41.931521715, -87.747484859)"
10664869,HZ415619,09/01/2016 12:11:00 AM,006XX W BRIAR PL,1310,CRIMINAL DAMAGE,TO PROPERTY,OTHER,true,false,1934,019,44,6,14,1171350,1921161,2016,09/08/2016 03:48:43 PM,41.939134718,-87.645648542,"(41.939134718, -87.645648542)"
10664886,HZ415615,09/01/2016 12:13:00 AM,020XX W 52ND PL,143A,WEAPONS VIOLATION,UNLAWFUL POSS OF HANDGUN,STREET,true,false,0932,009,16,61,15,1163447,1869672,2016,09/08/2016 03:48:43 PM,41.798014561,-87.676142823,"(41.798014561, -87.676142823)"
10665302,HZ415742,09/01/2016 12:15:00 AM,014XX W ALTGELD ST,0910,MOTOR VEHICLE THEFT,AUTOMOBILE,OTHER,false,false,1932,019,32,7,07,1166474,1916710,2016,09/08/2016 03:48:43 PM,41.927026877,-87.663696819,"(41.927026877, -87.663696819)"
10664861,HZ415612,09/01/2016 12:15:00 AM,066XX S FAIRFIELD AVE,0486,BATTERY,DOMESTIC BATTERY SIMPLE,ALLEY,false,true,0831,008,15,66,08B,1159190,1860434,2016,09/08/2016 03:48:43 PM,41.772752455,-87.69200676,"(41.772752455, -87.69200676)"
10664837,HZ415606,09/01/2016 12:15:00 AM,045XX S JUSTINE ST,0486,BATTERY,DOMESTIC BATTERY SIMPLE,APARTMENT,false,true,0924,009,3,61,08B,1166765,1874652,2016,09/08/2016 03:48:43 PM,41.811609995,-87.663832864,"(41.811609995, -87.663832864)"
10684875,HZ438216,09/01/2016 12:30:00 AM,038XX N CENTRAL PARK AVE,0910,MOTOR VEHICLE THEFT,AUTOMOBILE,RESIDENCE,false,false,1732,017,35,16,07,1151706,1925349,2016,09/19/2016 03:49:04 PM,41.951036632,-87.717735127,"(41.951036632, -87.717735127)"
10670887,HZ422546,09/01/2016 12:30:00 AM,065XX S DR MARTIN LUTHER KING JR DR,5002,OTHER OFFENSE,OTHER VEHICLE OFFENSE,HOTEL/MOTEL,false,false,0312,003,20,69,26,1180046,1861701,2016,09/08/2016 03:48:43 PM,41.775777017,-87.615515787,"(41.775777017, -87.615515787)"
10665970,HZ416610,09/01/2016 12:30:00 AM,027XX N HARLEM AVE,0610,BURGLARY,FORCIBLE ENTRY,SMALL RETAIL STORE,false,false,2512,025,36,18,05,1127616,1917532,2016,09/08/2016 03:48:43 PM,41.930026507,-87.806466966,"(41.930026507, -87.806466966)"
10665712,HZ416424,09/01/2016 12:30:00 AM,037XX N OSCEOLA AVE,0820,THEFT,$500 AND UNDER,VEHICLE NON-COMMERCIAL,false,false,1631,016,36,17,06,1125741,1923979,2016,09/08/2016 03:48:43 PM,41.947749287,-87.813213525,"(41.947749287, -87.813213525)"
10665596,HZ415755,09/01/2016 12:30:00 AM,055XX N WINTHROP AVE,0430,BATTERY,AGGRAVATED: OTHER DANG WEAPON,APARTMENT,false,false,2023,020,48,77,04B,1167869,1936941,2016,09/08/2016 03:48:43 PM,41.982511524,-87.65798498,"(41.982511524, -87.65798498)"
10664968,HZ415703,09/01/2016 12:30:00 AM,047XX W 84TH PL,1320,CRIMINAL DAMAGE,TO VEHICLE,STREET,false,false,0834,008,18,70,14,1146278,1847920,2016,09/08/2016 03:48:43 PM,41.738666286,-87.739655906,"(41.738666286, -87.739655906)"
10664966,HZ415681,09/01/2016 12:30:00 AM,066XX S STONY ISLAND AVE,0312,ROBBERY,ARMED:KNIFE/CUTTING INSTRUMENT,ATM (AUTOMATIC TELLER MACHINE),false,false,0321,003,5,42,03,1188019,1861082,2016,09/08/2016 03:48:43 PM,41.773892091,-87.58630763,"(41.773892091, -87.58630763)"
10664942,HZ415610,09/01/2016 12:30:00 AM,009XX N LARAMIE AVE,1310,CRIMINAL DAMAGE,TO PROPERTY,APARTMENT,false,true,1531,015,37,25,14,1141518,1905847,2016,09/08/2016 03:48:43 PM,41.8977158,-87.755669081,"(41.8977158, -87.755669081)"
10664843,HZ415625,09/01/2016 12:34:00 AM,036XX W IRVING PARK RD,2820,OTHER OFFENSE,TELEPHONE THREAT,STREET,false,false,1732,017,33,16,26,1151505,1926339,2016,09/08/2016 03:48:43 PM,41.953757223,-87.718447888,"(41.953757223, -87.718447888)"
10669334,HZ420861,09/01/2016 12:40:00 AM,071XX S CHAMPLAIN AVE,1345,CRIMINAL DAMAGE,TO CITY OF CHICAGO PROPERTY,ALLEY,false,false,0323,003,6,69,14,1181801,1857770,2016,09/08/2016 03:48:43 PM,41.764949586,-87.609203516,"(41.764949586, -87.609203516)"
10666267,HZ416848,09/01/2016 12:45:00 AM,0000X W ROOSEVELT RD,1150,DECEPTIVE PRACTICE,CREDIT CARD FRAUD,CTA TRAIN,false,false,0123,001,2,32,11,1176387,1895062,2016,09/08/2016 03:48:43 PM,41.867405488,-87.627925177,"(41.867405488, -87.627925177)"
10664900,HZ415635,09/01/2016 12:45:00 AM,001XX W ADAMS ST,0890,THEFT,FROM BUILDING,BAR OR TAVERN,false,false,0122,001,42,32,06,1175421,1899429,2016,09/08/2016 03:48:43 PM,41.879410537,-87.631340358,"(41.879410537, -87.631340358)"
10664875,HZ415630,09/01/2016 12:45:00 AM,086XX S COTTAGE GROVE AVE,0486,BATTERY,DOMESTIC BATTERY SIMPLE,PARKING LOT/GARAGE(NON.RESID.),false,true,0632,006,6,44,08B,1183071,1847869,2016,09/08/2016 03:48:43 PM,41.737750767,-87.604855911,"(41.737750767, -87.604855911)"
10671642,HZ423423,09/01/2016 12:50:00 AM,048XX N CENTRAL AVE,2826,OTHER OFFENSE,HARASSMENT BY ELECTRONIC MEANS,APARTMENT,false,true,1622,016,45,15,26,1138129,1931547,2016,09/08/2016 03:48:43 PM,41.968301279,-87.767493705,"(41.968301279, -87.767493705)"
10664932,HZ415675,09/01/2016 12:50:00 AM,006XX N LAKE SHORE DR,0890,THEFT,FROM BUILDING,HOTEL/MOTEL,false,false,1834,018,42,8,06,1179792,1904743,2016,09/08/2016 03:48:43 PM,41.893893173,-87.615127644,"(41.893893173, -87.615127644)"
10664930,HZ415646,09/01/2016 12:50:00 AM,005XX S COLUMBUS DR,031A,ROBBERY,ARMED: HANDGUN,PARK PROPERTY,false,false,0114,001,42,32,03,1178360,1898011,2016,09/08/2016 03:48:43 PM,41.875452995,-87.620592186,"(41.875452995, -87.620592186)"
10664907,HZ415628,09/01/2016 12:50:00 AM,078XX S SOUTH SHORE DR,0498,BATTERY,AGGRAVATED DOMESTIC BATTERY: HANDS/FIST/FEET SERIOUS INJURY,APARTMENT,true,true,0421,004,7,43,04B,1197940,1853912,2016,09/08/2016 03:48:43 PM,41.753974914,-87.550179329,"(41.753974914, -87.550179329)"
10664902,HZ415618,09/01/2016 12:55:00 AM,008XX N KILDARE AVE,0330,ROBBERY,AGGRAVATED,ALLEY,false,false,1111,011,37,23,03,1147555,1905333,2016,09/08/2016 03:48:43 PM,41.896191646,-87.733508805,"(41.896191646, -87.733508805)"
10664885,HZ415613,09/01/2016 12:55:00 AM,115XX S CHURCH ST,0486,BATTERY,DOMESTIC BATTERY SIMPLE,RESIDENCE,true,true,2212,022,34,75,08B,1165522,1827967,2016,09/08/2016 03:48:43 PM,41.68352609,-87.669712804,"(41.68352609, -87.669712804)"
10666399,HZ417047,09/01/2016 12:57:00 AM,064XX S MARSHFIELD AVE,0486,BATTERY,DOMESTIC BATTERY SIMPLE,RESIDENCE,false,true,0725,007,15,67,08B,1166434,1861907,2016,09/08/2016 03:48:43 PM,41.776643254,-87.665410168,"(41.776643254, -87.665410168)"
10666638,HZ415633,09/01/2016 12:58:00 AM,065XX S UNIVERSITY AVE,0650,BURGLARY,HOME INVASION,APARTMENT,false,false,0321,003,20,42,05,1184676,1861913,2016,09/08/2016 03:48:43 PM,41.77625146,-87.598536201,"(41.77625146, -87.598536201)"
10689890,HZ444237,09/01/2016 01:00:00 AM,043XX W MONROE ST,1310,CRIMINAL DAMAGE,TO PROPERTY,RESIDENCE,false,false,1115,011,28,26,14,1147421,1899307,2016,09/26/2016 03:52:09 PM,41.879658199,-87.734155507,"(41.879658199, -87.734155507)"
10666188,HZ416937,09/01/2016 01:00:00 AM,085XX S BURLEY AVE,0560,ASSAULT,SIMPLE,APARTMENT,true,true,0424,004,10,46,08A,1199293,1849019,2016,09/21/2016 03:50:20 PM,41.740514279,-87.54538536,"(41.740514279, -87.54538536)"
10668926,HZ420256,09/01/2016 01:00:00 AM,019XX W 17TH ST,1320,CRIMINAL DAMAGE,TO VEHICLE,ALLEY,false,false,1234,012,25,31,14,1163771,1891752,2016,09/08/2016 03:48:43 PM,41.858597683,-87.674333536,"(41.858597683, -87.674333536)"
10666449,HZ417186,09/01/2016 01:00:00 AM,093XX S LYON AVE,1320,CRIMINAL DAMAGE,TO VEHICLE,STREET,false,false,0633,006,9,44,14,1182446,1843281,2016,09/08/2016 03:48:43 PM,41.725175257,-87.607287516,"(41.725175257, -87.607287516)"
10666179,HZ416959,09/01/2016 01:00:00 AM,012XX S INDEPENDENCE BLVD,1320,CRIMINAL DAMAGE,TO VEHICLE,VACANT LOT/LAND,false,false,1011,010,24,29,14,1151288,1894094,2016,09/08/2016 03:48:43 PM,41.865278182,-87.720093082,"(41.865278182, -87.720093082)"
10665403,HZ416021,09/01/2016 01:00:00 AM,007XX E 83RD ST,1320,CRIMINAL DAMAGE,TO VEHICLE,STREET,false,false,0631,006,6,44,14,1182428,1850115,2016,09/08/2016 03:48:43 PM,41.743928954,-87.607142233,"(41.743928954, -87.607142233)"
10664970,HZ415711,09/01/2016 01:00:00 AM,024XX N ASHLAND AVE,0820,THEFT,$500 AND UNDER,SIDEWALK,false,false,1931,019,32,7,06,1165254,1916453,2016,09/08/2016 03:48:43 PM,41.926347711,-87.668187106,"(41.926347711, -87.668187106)"
10664893,HZ415629,09/01/2016 01:00:00 AM,011XX E 73RD ST,0486,BATTERY,DOMESTIC BATTERY SIMPLE,APARTMENT,true,true,0324,003,5,69,08B,1184981,1856838,2016,09/08/2016 03:48:43 PM,41.762318036,-87.597577257,"(41.762318036, -87.597577257)"
10664979,HZ415634,09/01/2016 01:03:00 AM,032XX N SEMINARY AVE,0320,ROBBERY,STRONGARM - NO WEAPON,SIDEWALK,false,false,1924,019,44,6,03,1168376,1921717,2016,09/08/2016 03:48:43 PM,41.940725353,-87.656562584,"(41.940725353, -87.656562584)"
10664989,HZ415676,09/01/2016 01:05:00 AM,040XX W CHICAGO AVE,143A,WEAPONS VIOLATION,UNLAWFUL POSS OF HANDGUN,VEHICLE NON-COMMERCIAL,false,false,1111,011,37,23,15,1149484,1905044,2016,09/08/2016 03:48:43 PM,41.895361374,-87.726431415,"(41.895361374, -87.726431415)"
10664934,HZ415651,09/01/2016 01:06:00 AM,043XX S SACRAMENTO AVE,1812,NARCOTICS,POSS: CANNABIS MORE THAN 30GMS,STREET,true,false,0922,009,14,58,18,1157086,1875631,2016,09/08/2016 03:48:43 PM,41.814497931,-87.699308667,"(41.814497931, -87.699308667)"
10667598,HZ415626,09/01/2016 01:07:00 AM,018XX N LEAVITT ST,0630,BURGLARY,ATTEMPT FORCIBLE ENTRY,RESIDENCE-GARAGE,false,false,1434,014,32,22,05,1161410,1912018,2016,09/08/2016 03:48:43 PM,41.91425872,-87.682435686,"(41.91425872, -87.682435686)"
10664928,HZ415659,09/01/2016 01:08:00 AM,044XX W WRIGHTWOOD AVE,1811,NARCOTICS,POSS: CANNABIS 30GMS OR LESS,STREET,true,false,2524,025,31,20,18,1146368,1917029,2016,09/08/2016 03:48:43 PM,41.92830935,-87.73757008,"(41.92830935, -87.73757008)"
10664894,HZ415631,09/01/2016 01:09:00 AM,070XX S GREEN ST,051A,ASSAULT,AGGRAVATED: HANDGUN,RESIDENCE,false,false,0733,007,6,68,04A,1171850,1858182,2016,09/08/2016 03:48:43 PM,41.76630426,-87.645664568,"(41.76630426, -87.645664568)"
10671167,HZ422810,09/01/2016 01:12:00 AM,002XX E ILLINOIS ST,0890,THEFT,FROM BUILDING,CONSTRUCTION SITE,false,false,1834,018,42,8,06,1177997,1903665,2016,09/08/2016 03:48:43 PM,41.890976131,-87.621752835,"(41.890976131, -87.621752835)"
10664914,HZ415644,09/01/2016 01:15:00 AM,069XX S ADA ST,0520,ASSAULT,AGGRAVATED:KNIFE/CUTTING INSTR,RESIDENCE,false,false,0734,007,17,67,04A,1168529,1858651,2016,09/08/2016 03:48:43 PM,41.767663471,-87.657823741,"(41.767663471, -87.657823741)"
10664905,HZ415668,09/01/2016 01:20:00 AM,028XX S PULASKI RD,0486,BATTERY,DOMESTIC BATTERY SIMPLE,VEHICLE NON-COMMERCIAL,false,true,1031,010,22,30,08B,1150170,1884913,2016,09/08/2016 03:48:43 PM,41.840106225,-87.724436322,"(41.840106225, -87.724436322)"
10664941,HZ415653,09/01/2016 01:30:00 AM,002XX W 37TH PL,0486,BATTERY,DOMESTIC BATTERY SIMPLE,APARTMENT,true,true,0915,009,3,34,08B,1175106,1880093,2016,09/08/2016 03:48:43 PM,41.8263582,-87.633075967,"(41.8263582, -87.633075967)"
10664906,HZ415648,09/01/2016 01:30:00 AM,077XX S ESSEX AVE,0486,BATTERY,DOMESTIC BATTERY SIMPLE,APARTMENT,false,true,0421,004,7,43,08B,1194203,1854148,2016,09/08/2016 03:48:43 PM,41.754715048,-87.563866151,"(41.754715048, -87.563866151)"
10664899,HZ415636,09/01/2016 01:30:00 AM,044XX W FULTON ST,0486,BATTERY,DOMESTIC BATTERY SIMPLE,APARTMENT,false,true,1113,011,28,26,08B,1146702,1901380,2016,09/08/2016 03:48:43 PM,41.885360495,-87.736742682,"(41.885360495, -87.736742682)"
10664889,HZ415650,09/01/2016 01:30:00 AM,001XX W 63RD ST,1310,CRIMINAL DAMAGE,TO PROPERTY,GAS STATION,false,false,0311,003,20,68,14,1176275,1863208,2016,09/08/2016 03:48:43 PM,41.77999793,-87.629294594,"(41.77999793, -87.629294594)"
10664878,HZ415638,09/01/2016 01:30:00 AM,009XX E 104TH ST,1330,CRIMINAL TRESPASS,TO LAND,APARTMENT,false,false,0512,005,9,50,26,1184238,1836191,2016,09/08/2016 03:48:43 PM,41.705677782,-87.600944364,"(41.705677782, -87.600944364)"
10664860,HZ415647,09/01/2016 01:30:00 AM,032XX W 57TH ST,0820,THEFT,$500 AND UNDER,RESIDENCE,false,true,0822,008,14,63,06,1155547,1866640,2016,09/08/2016 03:48:43 PM,41.789856409,-87.70519496,"(41.789856409, -87.70519496)"
10666250,HZ415645,09/01/2016 01:31:00 AM,087XX S ASHLAND AVE,0520,ASSAULT,AGGRAVATED:KNIFE/CUTTING INSTR,RESTAURANT,false,false,2221,022,21,71,04A,1167195,1846826,2016,09/08/2016 03:48:43 PM,41.73524267,-87.663051117,"(41.73524267, -87.663051117)"
10664943,HZ415669,09/01/2016 01:40:00 AM,044XX N MAGNOLIA AVE,0470,PUBLIC PEACE VIOLATION,RECKLESS CONDUCT,CHA PARKING LOT/GROUNDS,true,false,1913,019,46,3,24,1167111,1929700,2016,09/08/2016 03:48:43 PM,41.962658354,-87.660981712,"(41.962658354, -87.660981712)"
10666147,HZ415663,09/01/2016 01:45:00 AM,050XX W SCHOOL ST,031A,ROBBERY,ARMED: HANDGUN,SIDEWALK,false,false,1634,016,38,15,03,1142272,1921473,2016,09/08/2016 03:48:43 PM,41.940581234,-87.752510974,"(41.940581234, -87.752510974)"
10664974,HZ415712,09/01/2016 01:45:00 AM,019XX W MONTEREY AVE,1320,CRIMINAL DAMAGE,TO VEHICLE,STREET,false,false,2212,022,19,75,14,1165742,1830843,2016,09/08/2016 03:48:43 PM,41.691413679,-87.668826246,"(41.691413679, -87.668826246)"
10664957,HZ415656,09/01/2016 01:50:00 AM,045XX S LAFLIN ST,0486,BATTERY,DOMESTIC BATTERY SIMPLE,STREET,false,true,0924,009,3,61,08B,1167095,1874719,2016,09/08/2016 03:48:43 PM,41.81178679,-87.662620522,"(41.81178679, -87.662620522)"
10664870,HZ415657,09/01/2016 01:50:00 AM,071XX S STATE ST,051A,ASSAULT,AGGRAVATED: HANDGUN,STREET,false,false,0323,003,6,69,04A,1177519,1857812,2016,09/08/2016 03:48:43 PM,41.765162688,-87.624896894,"(41.765162688, -87.624896894)"
10664931,HZ415667,09/01/2016 01:54:00 AM,045XX N MAGNOLIA AVE,2022,NARCOTICS,POSS: COCAINE,SIDEWALK,true,false,1913,019,46,3,18,1167103,1930181,2016,09/08/2016 03:48:43 PM,41.963978407,-87.660997249,"(41.963978407, -87.660997249)"
10666243,HZ416924,09/01/2016 02:00:00 AM,017XX W 17TH ST,0460,BATTERY,SIMPLE,SIDEWALK,false,false,1234,012,25,31,08B,1164971,1891781,2016,09/08/2016 03:48:43 PM,41.858651903,-87.669927943,"(41.858651903, -87.669927943)"
10665640,HZ416262,09/01/2016 02:00:00 AM,036XX W POTOMAC AVE,031A,ROBBERY,ARMED: HANDGUN,SIDEWALK,false,false,2535,025,26,23,03,1152048,1908414,2016,09/08/2016 03:48:43 PM,41.904558827,-87.716925474,"(41.904558827, -87.716925474)"
10665216,HZ415732,09/01/2016 02:00:00 AM,052XX S WOOD ST,0910,MOTOR VEHICLE THEFT,AUTOMOBILE,STREET,false,false,0932,009,16,61,07,1165236,1869917,2016,09/08/2016 03:48:43 PM,41.798649151,-87.669575295,"(41.798649151, -87.669575295)"
10665239,HZ415799,09/01/2016 02:05:00 AM,002XX E OHIO ST,0610,BURGLARY,FORCIBLE ENTRY,RESTAURANT,true,false,1834,018,42,8,05,1177909,1904245,2016,09/27/2016 03:51:24 PM,41.892569681,-87.622058354,"(41.892569681, -87.622058354)"
10665022,HZ415709,09/01/2016 02:15:00 AM,063XX N CLARK ST,0313,ROBBERY,ARMED: OTHER DANGEROUS WEAPON,SIDEWALK,false,false,2433,024,40,77,03,1164499,1942016,2016,09/08/2016 03:48:43 PM,41.996509716,-87.670234472,"(41.996509716, -87.670234472)"
10664955,HZ415679,09/01/2016 02:30:00 AM,005XX N LECLAIRE AVE,0497,BATTERY,AGGRAVATED DOMESTIC BATTERY: OTHER DANG WEAPON,APARTMENT,false,true,1532,015,28,25,04B,1142271,1903029,2016,09/08/2016 03:48:43 PM,41.889968929,-87.752973368,"(41.889968929, -87.752973368)"
10668226,HZ418576,09/01/2016 02:35:00 AM,006XX W MADISON ST,1154,DECEPTIVE PRACTICE,FINANCIAL IDENTITY THEFT $300 AND UNDER,,false,false,0121,001,42,28,11,1172208,1900286,2016,09/08/2016 03:48:43 PM,41.881833712,-87.643112572,"(41.881833712, -87.643112572)"
10664953,HZ415674,09/01/2016 02:35:00 AM,041XX S MOZART ST,0820,THEFT,$500 AND UNDER,STREET,false,false,0921,009,14,58,06,1158043,1877163,2016,09/08/2016 03:48:43 PM,41.818682503,-87.69575656,"(41.818682503, -87.69575656)"
10665531,HZ415673,09/01/2016 02:40:00 AM,063XX N CLARK ST,0460,BATTERY,SIMPLE,BAR OR TAVERN,false,false,2433,024,40,77,08B,1164475,1942207,2016,09/08/2016 03:48:43 PM,41.997034335,-87.670317317,"(41.997034335, -87.670317317)"
10664936,HZ415689,09/01/2016 02:40:00 AM,035XX W 78TH ST,031A,ROBBERY,ARMED: HANDGUN,STREET,false,false,0835,008,18,70,03,1154236,1852654,2016,09/08/2016 03:48:43 PM,41.751502831,-87.710373514,"(41.751502831, -87.710373514)"
10664954,HZ415691,09/01/2016 02:45:00 AM,052XX S WELLS ST,0865,THEFT,DELIVERY CONTAINER THEFT,STREET,false,false,0935,009,3,37,06,1175489,1870310,2016,09/08/2016 03:48:43 PM,41.799504173,-87.631963762,"(41.799504173, -87.631963762)"
10664940,HZ415677,09/01/2016 02:45:00 AM,084XX S MANISTEE AVE,0486,BATTERY,DOMESTIC BATTERY SIMPLE,APARTMENT,false,true,0423,004,7,46,08B,1195959,1849573,2016,09/08/2016 03:48:43 PM,41.742117619,-87.557582223,"(41.742117619, -87.557582223)"
10672832,HZ424397,09/01/2016 02:51:00 AM,018XX N BURLING ST,1365,CRIMINAL TRESPASS,TO RESIDENCE,RESIDENTIAL YARD (FRONT/BACK),false,false,1813,018,43,7,26,1170997,1912407,2016,09/12/2016 03:57:28 PM,41.915121102,-87.647203352,"(41.915121102, -87.647203352)"
10673241,HZ424620,09/01/2016 03:00:00 AM,018XX W RICE ST,0810,THEFT,OVER $500,PARK PROPERTY,false,false,1212,012,1,24,06,1163929,1905706,2016,09/12/2016 03:57:28 PM,41.896885311,-87.673359713,"(41.896885311, -87.673359713)"
10673062,HZ424921,09/01/2016 03:00:00 AM,116XX S CHURCH ST,0486,BATTERY,DOMESTIC BATTERY SIMPLE,RESIDENCE,false,true,2212,022,34,75,08B,1165357,1827573,2016,09/12/2016 03:57:28 PM,41.682448371,-87.670327915,"(41.682448371, -87.670327915)"
10665736,HZ416434,09/01/2016 03:00:00 AM,059XX S SANGAMON ST,0486,BATTERY,DOMESTIC BATTERY SIMPLE,SIDEWALK,false,true,0712,007,16,68,08B,1170989,1865541,2016,09/08/2016 03:48:43 PM,41.786517079,-87.648605673,"(41.786517079, -87.648605673)"
10665680,HZ416383,09/01/2016 03:00:00 AM,110XX S STATE ST,1750,OFFENSE INVOLVING CHILDREN,CHILD ABUSE,RESIDENCE,false,false,0513,005,34,49,20,1178209,1831939,2016,09/08/2016 03:48:43 PM,41.694148281,-87.623150288,"(41.694148281, -87.623150288)"
10665395,HZ415743,09/01/2016 03:00:00 AM,085XX S LOOMIS BLVD,2820,OTHER OFFENSE,TELEPHONE THREAT,RESIDENCE,false,false,0614,006,21,71,26,1168488,1848081,2016,09/08/2016 03:48:43 PM,41.738658839,-87.658278017,"(41.738658839, -87.658278017)"
10664964,HZ415683,09/01/2016 03:02:00 AM,018XX N BURLING ST,0620,BURGLARY,UNLAWFUL ENTRY,APARTMENT,false,false,1813,018,43,7,05,1171002,1912259,2016,09/08/2016 03:48:43 PM,41.914714873,-87.647189332,"(41.914714873, -87.647189332)"
10664952,HZ415699,09/01/2016 03:10:00 AM,113XX S EDBROOKE AVE,031A,ROBBERY,ARMED: HANDGUN,STREET,false,false,0531,005,9,49,03,1179220,1829895,2016,09/08/2016 03:48:43 PM,41.688516319,-87.619510791,"(41.688516319, -87.619510791)"
10664963,HZ415685,09/01/2016 03:18:00 AM,038XX W 16TH ST,0486,BATTERY,DOMESTIC BATTERY SIMPLE,SIDEWALK,true,true,1014,010,24,29,08B,1150894,1891768,2016,09/08/2016 03:48:43 PM,41.858903078,-87.721600321,"(41.858903078, -87.721600321)"
10666348,HZ417170,09/01/2016 03:20:00 AM,018XX N HALSTED ST,0820,THEFT,$500 AND UNDER,OTHER,false,false,1813,018,43,7,06,1170674,1912400,2016,09/08/2016 03:48:43 PM,41.915108979,-87.648390214,"(41.915108979, -87.648390214)"
10664962,HZ415692,09/01/2016 03:20:00 AM,033XX W CRYSTAL ST,051A,ASSAULT,AGGRAVATED: HANDGUN,APARTMENT,false,true,1422,014,26,23,04A,1153787,1908120,2016,09/08/2016 03:48:43 PM,41.903717596,-87.710545441,"(41.903717596, -87.710545441)"
10670043,HZ421561,09/01/2016 03:28:00 AM,020XX N HONORE ST,1360,CRIMINAL TRESPASS,TO VEHICLE,STREET,false,false,1432,014,32,22,26,1163695,1913614,2016,09/08/2016 03:48:43 PM,41.918590357,-87.673995899,"(41.918590357, -87.673995899)"
10664976,HZ415700,09/01/2016 03:47:00 AM,033XX W OGDEN AVE,1330,CRIMINAL TRESPASS,TO LAND,POLICE FACILITY/VEH PARKING LOT,true,false,1024,010,24,29,26,1154489,1891024,2016,09/08/2016 03:48:43 PM,41.856790413,-87.708424071,"(41.856790413, -87.708424071)"
10664994,HZ415695,09/01/2016 03:51:00 AM,047XX N ST LOUIS AVE,0420,BATTERY,AGGRAVATED:KNIFE/CUTTING INSTR,ALLEY,false,false,1723,017,33,14,04B,1152199,1931174,2016,09/08/2016 03:48:43 PM,41.967011098,-87.715768556,"(41.967011098, -87.715768556)"
10664992,HZ415697,09/01/2016 03:55:00 AM,002XX E OHIO ST,031A,ROBBERY,ARMED: HANDGUN,SIDEWALK,false,false,1834,018,42,8,03,1178221,1904255,2016,09/08/2016 03:48:43 PM,41.892590019,-87.620912214,"(41.892590019, -87.620912214)"
10681318,HZ433829,09/01/2016 04:00:00 AM,063XX S WOLCOTT AVE,0820,THEFT,$500 AND UNDER,VEHICLE NON-COMMERCIAL,false,false,0726,007,15,67,06,1164772,1862657,2016,09/19/2016 03:49:04 PM,41.778736614,-87.671481839,"(41.778736614, -87.671481839)"
10676881,HZ429676,09/01/2016 04:00:00 AM,023XX N KENMORE AVE,0810,THEFT,OVER $500,COLLEGE/UNIVERSITY RESIDENCE HALL,false,false,1811,018,32,7,06,1168905,1915778,2016,09/15/2016 03:48:20 PM,41.924416977,-87.654791085,"(41.924416977, -87.654791085)"
10665413,HZ415801,09/01/2016 04:00:00 AM,001XX S SPRINGFIELD AVE,031A,ROBBERY,ARMED: HANDGUN,STREET,false,false,1122,011,28,26,03,1150408,1899296,2016,09/08/2016 03:48:43 PM,41.879570265,-87.72318787,"(41.879570265, -87.72318787)"
10665163,HZ415820,09/01/2016 04:00:00 AM,044XX N SAWYER AVE,0820,THEFT,$500 AND UNDER,STREET,false,false,1724,017,33,14,06,1153917,1929395,2016,09/08/2016 03:48:43 PM,41.962095257,-87.709499288,"(41.962095257, -87.709499288)"
10664985,HZ415705,09/01/2016 04:00:00 AM,031XX N NEW ENGLAND AVE,031A,ROBBERY,ARMED: HANDGUN,SIDEWALK,false,false,2511,025,36,18,03,1129871,1920149,2016,09/08/2016 03:48:43 PM,41.937169546,-87.79812021,"(41.937169546, -87.79812021)"
10664972,HZ415707,09/01/2016 04:01:00 AM,071XX S VINCENNES AVE,0930,MOTOR VEHICLE THEFT,THEFT/RECOVERY: AUTOMOBILE,STREET,true,false,0731,007,6,69,07,1176561,1857529,2016,09/08/2016 03:48:43 PM,41.764407702,-87.628416731,"(41.764407702, -87.628416731)"
10666625,HZ417301,09/01/2016 04:15:00 AM,012XX W RACE AVE,0810,THEFT,OVER $500,STREET,false,false,1214,012,27,24,06,1168166,1903893,2016,09/08/2016 03:48:43 PM,41.891819824,-87.657850369,"(41.891819824, -87.657850369)"
10664996,HZ415713,09/01/2016 04:20:00 AM,058XX S ABERDEEN ST,0560,ASSAULT,SIMPLE,SIDEWALK,true,true,0712,007,16,68,08A,1169976,1866246,2016,09/08/2016 03:48:43 PM,41.788473759,-87.652299375,"(41.788473759, -87.652299375)"
10664983,HZ415702,09/01/2016 04:20:00 AM,020XX W DIVERSEY PKWY,041A,BATTERY,AGGRAVATED: HANDGUN,STREET,false,false,1931,019,1,7,04B,1162481,1918595,2016,09/08/2016 03:48:43 PM,41.932284067,-87.678316438,"(41.932284067, -87.678316438)"
10666938,HZ415966,09/01/2016 04:30:00 AM,018XX W ERIE ST,0820,THEFT,$500 AND UNDER,STREET,false,false,1221,012,1,24,06,1164003,1904378,2016,09/08/2016 03:48:43 PM,41.893239615,-87.673125455,"(41.893239615, -87.673125455)"
10665231,HZ415910,09/01/2016 04:30:00 AM,060XX S KOMENSKY AVE,0610,BURGLARY,FORCIBLE ENTRY,RESIDENCE-GARAGE,false,false,0813,008,13,65,05,1150407,1864143,2016,09/08/2016 03:48:43 PM,41.783105759,-87.72410694,"(41.783105759, -87.72410694)"
10681575,HZ434597,09/01/2016 05:00:00 AM,022XX S PRINCETON AVE,2820,OTHER OFFENSE,TELEPHONE THREAT,OTHER,false,true,0914,009,25,34,26,1174562,1889549,2016,09/19/2016 03:49:04 PM,41.85231838,-87.634789632,"(41.85231838, -87.634789632)"
10669341,HZ420845,09/01/2016 05:00:00 AM,064XX S VERNON AVE,1320,CRIMINAL DAMAGE,TO VEHICLE,RESIDENCE,false,false,0312,003,20,42,14,1180357,1862443,2016,09/08/2016 03:48:43 PM,41.777806009,-87.614352959,"(41.777806009, -87.614352959)"
10667943,HZ418920,09/01/2016 05:00:00 AM,059XX N MAPLEWOOD AVE,0610,BURGLARY,FORCIBLE ENTRY,RESIDENCE-GARAGE,false,false,2011,020,40,2,05,1158256,1939294,2016,09/08/2016 03:48:43 PM,41.989170802,-87.69327461,"(41.989170802, -87.69327461)"
10667516,HZ418308,09/01/2016 05:00:00 AM,131XX S CORLISS AVE,2820,OTHER OFFENSE,TELEPHONE THREAT,RESIDENCE,false,true,0533,005,9,54,26,1184010,1818319,2016,09/08/2016 03:48:43 PM,41.65663988,-87.602334544,"(41.65663988, -87.602334544)"
10665398,HZ415717,09/01/2016 05:10:00 AM,013XX S WABASH AVE,0620,BURGLARY,UNLAWFUL ENTRY,RESIDENCE,false,false,0131,001,2,33,05,1176977,1894294,2016,09/08/2016 03:48:43 PM,41.865284723,-87.625782459,"(41.865284723, -87.625782459)"
10666092,HZ416853,09/01/2016 05:15:00 AM,062XX N HERMITAGE AVE,1320,CRIMINAL DAMAGE,TO VEHICLE,STREET,false,false,2433,024,40,77,14,1163637,1941461,2016,09/08/2016 03:48:43 PM,41.995005054,-87.673421122,"(41.995005054, -87.673421122)"
10665010,HZ415723,09/01/2016 05:20:00 AM,054XX W WINDSOR AVE,1150,DECEPTIVE PRACTICE,CREDIT CARD FRAUD,RESIDENCE,false,false,1623,016,45,15,11,1139295,1929742,2016,09/08/2016 03:48:43 PM,41.963326988,-87.763250486,"(41.963326988, -87.763250486)"
10665394,HZ415719,09/01/2016 05:23:00 AM,018XX S WABASH AVE,0560,ASSAULT,SIMPLE,STREET,false,false,0131,001,3,33,08A,1177049,1891470,2016,09/08/2016 03:48:43 PM,41.857533855,-87.625603607,"(41.857533855, -87.625603607)"
10666300,HZ415714,09/01/2016 05:30:00 AM,011XX E 47TH ST,0486,BATTERY,DOMESTIC BATTERY SIMPLE,APARTMENT,false,true,0222,002,4,39,08B,1184607,1874074,2016,09/08/2016 03:48:43 PM,41.809623853,-87.598408034,"(41.809623853, -87.598408034)"
10665534,HZ415739,09/01/2016 05:30:00 AM,004XX N DEARBORN ST,031A,ROBBERY,ARMED: HANDGUN,STREET,false,false,1831,018,42,8,03,1175859,1903386,2016,09/08/2016 03:48:43 PM,41.890258925,-87.629612961,"(41.890258925, -87.629612961)"
10665503,HZ415736,09/01/2016 05:30:00 AM,038XX W 84TH ST,0610,BURGLARY,FORCIBLE ENTRY,RESIDENCE,false,false,0834,008,18,70,05,1152243,1848598,2016,09/08/2016 03:48:43 PM,41.740411839,-87.717783321,"(41.740411839, -87.717783321)"
10665405,HZ416002,09/01/2016 05:30:00 AM,001XX N PARKSIDE AVE,0890,THEFT,FROM BUILDING,RESIDENCE,false,false,1512,015,29,25,06,1138579,1900398,2016,09/08/2016 03:48:43 PM,41.88281685,-87.766596053,"(41.88281685, -87.766596053)"
10664993,HZ415716,09/01/2016 05:30:00 AM,012XX W 71ST ST,0460,BATTERY,SIMPLE,SIDEWALK,true,false,0734,007,17,67,08B,1169000,1857692,2016,09/08/2016 03:48:43 PM,41.765021688,-87.656124993,"(41.765021688, -87.656124993)"
10691881,HZ446211,09/01/2016 05:38:00 AM,016XX W 63RD ST,0484,BATTERY,PRO EMP HANDS NO/MIN INJURY,CTA BUS,false,false,0714,007,16,67,08B,1166640,1862931,2016,09/26/2016 03:52:09 PM,41.779448848,-87.664625788,"(41.779448848, -87.664625788)"
10665234,HZ415942,09/01/2016 05:40:00 AM,032XX W GRAND AVE,0820,THEFT,$500 AND UNDER,SIDEWALK,false,false,1121,011,26,23,06,1154544,1906323,2016,09/08/2016 03:48:43 PM,41.898771348,-87.707812918,"(41.898771348, -87.707812918)"
10665294,HZ415744,09/01/2016 05:50:00 AM,058XX N WESTERN AVE,1710,OFFENSE INVOLVING CHILDREN,ENDANGERING LIFE/HEALTH CHILD,STREET,true,true,2012,020,40,4,20,1159270,1938608,2016,09/08/2016 03:48:43 PM,41.987267534,-87.689563935,"(41.987267534, -87.689563935)"
10665496,HZ415729,09/01/2016 05:55:00 AM,027XX W 68TH ST,0440,BATTERY,AGG: HANDS/FIST/FEET NO/MINOR INJURY,HOSPITAL BUILDING/GROUNDS,false,false,0831,008,15,66,08B,1159381,1859440,2016,09/08/2016 03:48:43 PM,41.770020864,-87.6913338,"(41.770020864, -87.6913338)"
10678248,HZ431037,09/01/2016 06:00:00 AM,008XX W 103RD ST,0820,THEFT,$500 AND UNDER,OTHER,false,false,2232,022,34,73,06,1172353,1836539,2016,09/15/2016 03:48:20 PM,41.706901881,-87.64445587,"(41.706901881, -87.64445587)"
10672283,HZ423943,09/01/2016 06:00:00 AM,047XX N ROCKWELL ST,0820,THEFT,$500 AND UNDER,RESIDENTIAL YARD (FRONT/BACK),false,false,1911,019,47,4,06,1158183,1931355,2016,09/12/2016 03:57:28 PM,41.967387306,-87.693761141,"(41.967387306, -87.693761141)"
10668868,HZ420144,09/01/2016 06:00:00 AM,091XX S BRANDON AVE,2825,OTHER OFFENSE,HARASSMENT BY TELEPHONE,APARTMENT,false,false,0424,004,10,46,26,1198915,1844920,2016,09/08/2016 03:48:43 PM,41.729275799,-87.546907508,"(41.729275799, -87.546907508)"
10668041,HZ419030,09/01/2016 06:00:00 AM,077XX N MARSHFIELD AVE,1220,DECEPTIVE PRACTICE,THEFT OF LOST/MISLAID PROP,VEHICLE - OTHER RIDE SERVICE,false,false,2422,024,49,1,11,1163977,1951188,2016,09/08/2016 03:48:43 PM,42.021688951,-87.671893993,"(42.021688951, -87.671893993)"
10667434,HZ416830,09/01/2016 06:00:00 AM,056XX S WABASH AVE,0610,BURGLARY,FORCIBLE ENTRY,APARTMENT,false,false,0225,002,20,40,05,1177678,1867609,2016,09/08/2016 03:48:43 PM,41.792043078,-87.624017919,"(41.792043078, -87.624017919)"
10665940,HZ415886,09/01/2016 06:00:00 AM,024XX W HARRISON ST,0820,THEFT,$500 AND UNDER,STREET,false,false,1135,011,2,28,06,,,2016,09/08/2016 03:48:43 PM,,,
10665020,HZ415725,09/01/2016 06:00:00 AM,025XX W FOSTER AVE,0460,BATTERY,SIMPLE,CTA BUS STOP,false,false,2011,020,40,4,08B,1158288,1934444,2016,09/08/2016 03:48:43 PM,41.975861526,-87.693290212,"(41.975861526, -87.693290212)"
10665856,HZ416206,09/01/2016 06:20:00 AM,062XX S CLAREMONT AVE,1310,CRIMINAL DAMAGE,TO PROPERTY,RESIDENCE,false,false,0825,008,15,66,14,1161796,1863293,2016,09/08/2016 03:48:43 PM,41.780544222,-87.682374473,"(41.780544222, -87.682374473)"
10665002,HZ415720,09/01/2016 06:20:00 AM,064XX S MARYLAND AVE,1310,CRIMINAL DAMAGE,TO PROPERTY,APARTMENT,false,true,0312,003,20,42,14,1183004,1862534,2016,09/08/2016 03:48:43 PM,41.777994582,-87.604646278,"(41.777994582, -87.604646278)"
10667061,HZ417565,09/01/2016 06:30:00 AM,004XX W DIVISION ST,0860,THEFT,RETAIL THEFT,GROCERY FOOD STORE,false,false,1821,018,27,8,06,1173175,1908290,2016,09/08/2016 03:48:43 PM,41.903775756,-87.639324074,"(41.903775756, -87.639324074)"
10666041,HZ416692,09/01/2016 06:30:00 AM,109XX S INDIANA AVE,0610,BURGLARY,FORCIBLE ENTRY,RESIDENCE,false,false,0513,005,9,49,05,1179522,1832496,2016,09/08/2016 03:48:43 PM,41.695646959,-87.618326154,"(41.695646959, -87.618326154)"
10665701,HZ416348,09/01/2016 06:30:00 AM,015XX E 55TH ST,1152,DECEPTIVE PRACTICE,ILLEGAL USE CASH CARD,SMALL RETAIL STORE,false,false,0234,002,4,41,11,1187488,1868839,2016,09/08/2016 03:48:43 PM,41.795190552,-87.588007653,"(41.795190552, -87.588007653)"
10665689,HZ416285,09/01/2016 06:30:00 AM,015XX E 55TH ST,0890,THEFT,FROM BUILDING,SMALL RETAIL STORE,false,false,0234,002,4,41,06,1187488,1868839,2016,09/08/2016 03:48:43 PM,41.795190552,-87.588007653,"(41.795190552, -87.588007653)"
10665507,HZ416105,09/01/2016 06:30:00 AM,005XX N CENTRAL AVE,0820,THEFT,$500 AND UNDER,CHURCH/SYNAGOGUE/PLACE OF WORSHIP,false,false,1512,015,29,25,06,1138943,1902924,2016,09/08/2016 03:48:43 PM,41.889741913,-87.765198001,"(41.889741913, -87.765198001)"
10665393,HZ415754,09/01/2016 06:30:00 AM,013XX W 110TH ST,0560,ASSAULT,SIMPLE,SIDEWALK,false,false,2234,022,34,75,08A,1169427,1831822,2016,09/08/2016 03:48:43 PM,41.694021414,-87.655306831,"(41.694021414, -87.655306831)"
10665107,HZ415764,09/01/2016 06:40:00 AM,047XX S INDIANA AVE,5007,OTHER OFFENSE,OTHER WEAPONS VIOLATION,RESIDENCE PORCH/HALLWAY,true,false,0224,002,3,38,26,1178400,1873553,2016,09/08/2016 03:48:43 PM,41.808337583,-87.621189912,"(41.808337583, -87.621189912)"
10665971,HZ416775,09/01/2016 06:45:00 AM,046XX N MARINE DR,0820,THEFT,$500 AND UNDER,PARKING LOT/GARAGE(NON.RESID.),false,false,1914,019,46,3,06,1170399,1931093,2016,09/08/2016 03:48:43 PM,41.966409353,-87.648852157,"(41.966409353, -87.648852157)"
10665235,HZ415761,09/01/2016 06:45:00 AM,108XX S MICHIGAN AVE,0560,ASSAULT,SIMPLE,STREET,true,false,0513,005,9,49,08A,1178829,1833056,2016,09/08/2016 03:48:43 PM,41.697199437,-87.62084649,"(41.697199437, -87.62084649)"
10665110,HZ415768,09/01/2016 06:47:00 AM,018XX S MILLARD AVE,0486,BATTERY,DOMESTIC BATTERY SIMPLE,SIDEWALK,true,true,1014,010,24,29,08B,1152337,1890617,2016,09/08/2016 03:48:43 PM,41.855716264,-87.716333872,"(41.855716264, -87.716333872)"
10665252,HZ415737,09/01/2016 06:49:00 AM,012XX W 76TH ST,0552,ASSAULT,AGGRAVATED PO:KNIFE/CUT INSTR,APARTMENT,false,false,0612,006,17,71,04A,1169352,1854428,2016,09/08/2016 03:48:43 PM,41.756057234,-87.654929158,"(41.756057234, -87.654929158)"
10665047,HZ415757,09/01/2016 06:50:00 AM,050XX N KOLMAR AVE,1305,CRIMINAL DAMAGE,CRIMINAL DEFACEMENT,RESIDENCE-GARAGE,false,false,1712,017,39,14,14,1145065,1933314,2016,09/08/2016 03:48:43 PM,41.973021528,-87.741945272,"(41.973021528, -87.741945272)"
10665125,HZ415769,09/01/2016 06:52:00 AM,017XX N MOODY AVE,0810,THEFT,OVER $500,RESIDENTIAL YARD (FRONT/BACK),true,false,2513,025,29,25,06,1135145,1910968,2016,09/08/2016 03:48:43 PM,41.91188383,-87.778955239,"(41.91188383, -87.778955239)"
10666005,HZ416814,09/01/2016 06:55:00 AM,018XX S MILLARD AVE,0820,THEFT,$500 AND UNDER,APARTMENT,false,false,1014,010,24,29,06,1152337,1890617,2016,09/08/2016 03:48:43 PM,41.855716264,-87.716333872,"(41.855716264, -87.716333872)"
10672567,HZ424489,09/01/2016 07:00:00 AM,024XX N GREENVIEW AVE,0810,THEFT,OVER $500,RESIDENCE PORCH/HALLWAY,false,false,1932,019,32,7,06,1165917,1916211,2016,09/12/2016 03:57:28 PM,41.92566951,-87.665757823,"(41.92566951, -87.665757823)"
10671455,HZ422843,09/01/2016 07:00:00 AM,061XX S KENWOOD AVE,1585,SEX OFFENSE,OTHER,NURSING HOME/RETIREMENT HOME,false,false,0314,003,20,42,17,1186129,1864575,2016,09/08/2016 03:48:43 PM,41.783522021,-87.593125671,"(41.783522021, -87.593125671)"
10670463,HZ422209,09/01/2016 07:00:00 AM,058XX W ADAMS BLVD,0920,MOTOR VEHICLE THEFT,ATT: AUTOMOBILE,VEHICLE NON-COMMERCIAL,false,false,1513,015,29,25,07,1137644,1898519,2016,09/08/2016 03:48:43 PM,41.877677517,-87.770074746,"(41.877677517, -87.770074746)"
10670230,HZ422000,09/01/2016 07:00:00 AM,072XX W SUMMERDALE AVE,2825,OTHER OFFENSE,HARASSMENT BY TELEPHONE,RESIDENCE,false,true,1613,016,41,10,26,1127228,1934716,2016,09/08/2016 03:48:43 PM,41.97718791,-87.807505349,"(41.97718791, -87.807505349)"
10666035,HZ416854,09/01/2016 07:00:00 AM,023XX W 59TH ST,0460,BATTERY,SIMPLE,STREET,false,false,0824,008,16,63,08B,1162034,1865479,2016,09/08/2016 03:48:43 PM,41.786537951,-87.681441159,"(41.786537951, -87.681441159)"
10666030,HZ416695,09/01/2016 07:00:00 AM,009XX S MASON AVE,0820,THEFT,$500 AND UNDER,STREET,false,false,1513,015,29,25,06,1136850,1895647,2016,09/08/2016 03:48:43 PM,41.869810616,-87.773058991,"(41.869810616, -87.773058991)"
10666019,HZ416166,09/01/2016 07:00:00 AM,067XX S RACINE AVE,0610,BURGLARY,FORCIBLE ENTRY,APARTMENT,false,false,0724,007,17,67,05,1169481,1860093,2016,09/08/2016 03:48:43 PM,41.77159993,-87.65429251,"(41.77159993, -87.65429251)"
10665865,HZ416479,09/01/2016 07:00:00 AM,087XX S ESCANABA AVE,0620,BURGLARY,UNLAWFUL ENTRY,APARTMENT,false,false,0423,004,10,46,05,1196905,1847589,2016,09/08/2016 03:48:43 PM,41.736649912,-87.554181981,"(41.736649912, -87.554181981)"
10665820,HZ416521,09/01/2016 07:00:00 AM,021XX N LARAMIE AVE,0610,BURGLARY,FORCIBLE ENTRY,APARTMENT,false,false,2515,025,37,19,05,1141372,1913714,2016,09/08/2016 03:48:43 PM,41.919306431,-87.756010851,"(41.919306431, -87.756010851)"
10665790,HZ415738,09/01/2016 07:00:00 AM,033XX W FILLMORE ST,1200,DECEPTIVE PRACTICE,STOLEN PROP: BUY/RECEIVE/POS.,POLICE FACILITY/VEH PARKING LOT,true,false,1134,011,24,29,13,1154228,1895173,2016,09/08/2016 03:48:43 PM,41.868180939,-87.709271389,"(41.868180939, -87.709271389)"
10665418,HZ415867,09/01/2016 07:00:00 AM,012XX S CENTRAL PARK AVE,0810,THEFT,OVER $500,ALLEY,false,false,1021,010,24,29,06,1152575,1893902,2016,09/08/2016 03:48:43 PM,41.864725987,-87.715373505,"(41.864725987, -87.715373505)"
10665060,HZ415782,09/01/2016 07:00:00 AM,035XX S UNION AVE,0460,BATTERY,SIMPLE,RESIDENTIAL YARD (FRONT/BACK),false,false,0915,009,11,60,08B,1172213,1881359,2016,09/08/2016 03:48:43 PM,41.829896436,-87.643652451,"(41.829896436, -87.643652451)"
10665050,HZ415752,09/01/2016 07:00:00 AM,029XX E 87TH ST,2820,OTHER OFFENSE,TELEPHONE THREAT,STREET,false,true,0423,004,10,46,26,1196965,1847845,2016,09/08/2016 03:48:43 PM,41.737350906,-87.553953672,"(41.737350906, -87.553953672)"
10665284,HZ415747,09/01/2016 07:10:00 AM,062XX N GLENWOOD AVE,1320,CRIMINAL DAMAGE,TO VEHICLE,STREET,false,false,2433,024,40,77,14,1165848,1941393,2016,09/08/2016 03:48:43 PM,41.994771417,-87.665289983,"(41.994771417, -87.665289983)"
10665168,HZ415813,09/01/2016 07:20:00 AM,038XX W MAYPOLE AVE,143A,WEAPONS VIOLATION,UNLAWFUL POSS OF HANDGUN,APARTMENT,false,false,1122,011,28,26,15,1150807,1900941,2016,09/08/2016 03:48:43 PM,41.88407653,-87.721679741,"(41.88407653, -87.721679741)"
10665066,HZ415759,09/01/2016 07:25:00 AM,011XX W BELMONT AVE,0810,THEFT,OVER $500,SIDEWALK,false,false,1933,019,44,6,06,1168208,1921402,2016,09/08/2016 03:48:43 PM,41.939864617,-87.657189173,"(41.939864617, -87.657189173)"
10674595,HZ426628,09/01/2016 07:30:00 AM,116XX W IRVING PARK RD,1320,CRIMINAL DAMAGE,TO VEHICLE,PARKING LOT/GARAGE(NON.RESID.),false,false,1654,016,41,76,14,1098012,1926026,2016,09/12/2016 03:57:28 PM,41.953783081,-87.915105451,"(41.953783081, -87.915105451)"
10665836,HZ416535,09/01/2016 07:30:00 AM,038XX N TROY ST,1310,CRIMINAL DAMAGE,TO PROPERTY,RESIDENCE-GARAGE,false,false,1733,017,33,16,14,1154705,1925319,2016,09/08/2016 03:48:43 PM,41.950894671,-87.706711704,"(41.950894671, -87.706711704)"
10669706,HZ415771,09/01/2016 07:39:00 AM,010XX N LAWLER AVE,0486,BATTERY,DOMESTIC BATTERY SIMPLE,STREET,false,true,1531,015,37,25,08B,1142506,1906351,2016,09/08/2016 03:48:43 PM,41.899080522,-87.752027675,"(41.899080522, -87.752027675)"
10665188,HZ415834,09/01/2016 07:40:00 AM,072XX N OCONTO AVE,0552,ASSAULT,AGGRAVATED PO:KNIFE/CUT INSTR,RESIDENCE,false,true,1611,016,41,9,04A,1127056,1947587,2016,09/08/2016 03:48:43 PM,42.012510055,-87.807847424,"(42.012510055, -87.807847424)"
10666294,HZ417128,09/01/2016 07:45:00 AM,004XX N WABASH AVE,0810,THEFT,OVER $500,PARKING LOT/GARAGE(NON.RESID.),false,false,1834,018,42,8,06,1176668,1903146,2016,09/08/2016 03:48:43 PM,41.889582108,-87.626649232,"(41.889582108, -87.626649232)"
10666102,HZ416751,09/01/2016 07:45:00 AM,007XX E 35TH ST,0820,THEFT,$500 AND UNDER,VEHICLE NON-COMMERCIAL,false,false,0211,002,4,35,06,1182010,1881920,2016,09/08/2016 03:48:43 PM,41.831214404,-87.607690257,"(41.831214404, -87.607690257)"
10665760,HZ415850,09/01/2016 07:46:00 AM,005XX W ROOSEVELT RD,1330,CRIMINAL TRESPASS,TO LAND,SMALL RETAIL STORE,false,false,0124,001,2,28,26,1173209,1894980,2016,09/08/2016 03:48:43 PM,41.867251542,-87.639594427,"(41.867251542, -87.639594427)"
10667293,HZ417861,09/01/2016 07:59:00 AM,079XX S COTTAGE GROVE AVE,031A,ROBBERY,ARMED: HANDGUN,ATM (AUTOMATIC TELLER MACHINE),false,false,0624,006,8,44,03,1182934,1852471,2016,09/08/2016 03:48:43 PM,41.750382338,-87.605215174,"(41.750382338, -87.605215174)"
10689407,HZ443628,09/01/2016 08:00:00 AM,019XX W TOUHY AVE,1150,DECEPTIVE PRACTICE,CREDIT CARD FRAUD,RESIDENCE,false,false,2424,024,49,1,11,1162099,1947848,2016,09/26/2016 03:52:09 PM,42.01256354,-87.67889903,"(42.01256354, -87.67889903)"
10687278,HZ441562,09/01/2016 08:00:00 AM,061XX S KIMBARK AVE,1153,DECEPTIVE PRACTICE,FINANCIAL IDENTITY THEFT OVER $ 300,APARTMENT,false,false,0314,003,20,42,11,1185698,1864503,2016,09/22/2016 03:53:59 PM,41.783334618,-87.594708112,"(41.783334618, -87.594708112)"
10671232,HZ422841,09/01/2016 08:00:00 AM,007XX W OAKDALE AVE,0910,MOTOR VEHICLE THEFT,AUTOMOBILE,STREET,false,false,1934,019,44,6,07,1170880,1919873,2016,09/08/2016 03:48:43 PM,41.935610726,-87.64741378,"(41.935610726, -87.64741378)"
10669659,HZ421224,09/01/2016 08:00:00 AM,038XX S ARCHER AVE,0890,THEFT,FROM BUILDING,RESIDENCE,false,false,0911,009,12,58,06,1160159,1879150,2016,09/08/2016 03:48:43 PM,41.824091721,-87.687939526,"(41.824091721, -87.687939526)"
10666623,HZ417327,09/01/2016 08:00:00 AM,021XX W CRYSTAL ST,0610,BURGLARY,FORCIBLE ENTRY,RESIDENCE-GARAGE,false,false,1424,014,32,24,05,1161948,1908307,2016,09/08/2016 03:48:43 PM,41.904064242,-87.680562917,"(41.904064242, -87.680562917)"
10665929,HZ415948,09/01/2016 08:00:00 AM,005XX W MADISON ST,0890,THEFT,FROM BUILDING,OTHER RAILROAD PROP / TRAIN DEPOT,false,false,0121,001,42,28,06,,,2016,09/08/2016 03:48:43 PM,,,
10665827,HZ416465,09/01/2016 08:00:00 AM,071XX S WABASH AVE,0610,BURGLARY,FORCIBLE ENTRY,APARTMENT,false,false,0323,003,6,69,05,1177962,1857620,2016,09/08/2016 03:48:43 PM,41.764625795,-87.623278986,"(41.764625795, -87.623278986)"
10665783,HZ416443,09/01/2016 08:00:00 AM,046XX S WELLS ST,0820,THEFT,$500 AND UNDER,STREET,false,false,0925,009,3,37,06,1175450,1874439,2016,09/08/2016 03:48:43 PM,41.810835418,-87.631983223,"(41.810835418, -87.631983223)"
10665704,HZ416354,09/01/2016 08:00:00 AM,025XX W HUTCHINSON ST,1310,CRIMINAL DAMAGE,TO PROPERTY,RESIDENCE-GARAGE,false,false,1911,019,47,5,14,1158482,1928139,2016,09/08/2016 03:48:43 PM,41.958556298,-87.692750152,"(41.958556298, -87.692750152)"
10665646,HZ416269,09/01/2016 08:00:00 AM,107XX S UNION AVE,2826,OTHER OFFENSE,HARASSMENT BY ELECTRONIC MEANS,RESIDENCE,false,false,2233,022,34,49,26,1173549,1833672,2016,09/08/2016 03:48:43 PM,41.699008066,-87.640160649,"(41.699008066, -87.640160649)"
10665530,HZ416086,09/01/2016 08:00:00 AM,005XX S STATE ST,0810,THEFT,OVER $500,PARKING LOT/GARAGE(NON.RESID.),false,false,0123,001,2,32,06,1176447,1897915,2016,09/08/2016 03:48:43 PM,41.875232942,-87.6276188,"(41.875232942, -87.6276188)"
10665397,HZ415828,09/01/2016 08:00:00 AM,086XX S LAFLIN ST,0820,THEFT,$500 AND UNDER,RESIDENCE,false,false,0614,006,21,71,06,1167842,1847460,2016,09/08/2016 03:48:43 PM,41.736968606,-87.660662612,"(41.736968606, -87.660662612)"
10665222,HZ415869,09/01/2016 08:00:00 AM,066XX S UNIVERSITY AVE,0820,THEFT,$500 AND UNDER,STREET,false,false,0321,003,5,42,06,1184691,1861305,2016,09/08/2016 03:48:43 PM,41.774582702,-87.598500258,"(41.774582702, -87.598500258)"
10665144,HZ415816,09/01/2016 08:00:00 AM,056XX N KIMBALL AVE,1310,CRIMINAL DAMAGE,TO PROPERTY,RESIDENCE,false,false,1711,017,39,13,14,1152694,1937362,2016,09/08/2016 03:48:43 PM,41.983981533,-87.713783943,"(41.983981533, -87.713783943)"
10665097,HZ415809,09/01/2016 08:00:00 AM,013XX N BELL AVE,1365,CRIMINAL TRESPASS,TO RESIDENCE,RESIDENTIAL YARD (FRONT/BACK),false,false,1424,014,1,24,26,1161160,1908936,2016,09/08/2016 03:48:43 PM,41.905806685,-87.683439937,"(41.905806685, -87.683439937)"
10665189,HZ415835,09/01/2016 08:10:00 AM,053XX S BISHOP ST,502P,OTHER OFFENSE,FALSE/STOLEN/ALTERED TRP,STREET,false,false,0934,009,16,61,26,1167572,1869385,2016,09/08/2016 03:48:43 PM,41.797139463,-87.661023944,"(41.797139463, -87.661023944)"
10665382,HZ415920,09/01/2016 08:15:00 AM,015XX S LOOMIS ST,0860,THEFT,RETAIL THEFT,GROCERY FOOD STORE,true,false,1233,012,2,28,06,1167289,1892560,2016,10/02/2016 03:47:43 PM,41.860740083,-87.661397022,"(41.860740083, -87.661397022)"
10665194,HZ415860,09/01/2016 08:20:00 AM,018XX N CLEVELAND AVE,0810,THEFT,OVER $500,RESIDENCE,false,false,1813,018,43,7,06,1172644,1912445,2016,09/08/2016 03:48:43 PM,41.91518906,-87.641151382,"(41.91518906, -87.641151382)"
10666360,HZ415815,09/01/2016 08:28:00 AM,091XX S WENTWORTH AVE,0486,BATTERY,DOMESTIC BATTERY SIMPLE,APARTMENT,false,true,0634,006,21,49,08B,1176551,1844433,2016,09/08/2016 03:48:43 PM,41.728470906,-87.628846372,"(41.728470906, -87.628846372)"
10665875,HZ416454,09/01/2016 08:30:00 AM,028XX N TROY ST,0486,BATTERY,DOMESTIC BATTERY SIMPLE,STREET,false,true,1411,014,35,21,08B,1154885,1918791,2016,09/08/2016 03:48:43 PM,41.932977759,-87.706225585,"(41.932977759, -87.706225585)"
10665673,HZ416309,09/01/2016 08:32:00 AM,0000X S DESPLAINES ST,0820,THEFT,$500 AND UNDER,PARKING LOT/GARAGE(NON.RESID.),false,false,0121,001,2,28,06,1171938,1900093,2016,09/08/2016 03:48:43 PM,41.881310061,-87.64410969,"(41.881310061, -87.64410969)"
10665205,HZ415844,09/01/2016 08:40:00 AM,0000X E JACKSON BLVD,1330,CRIMINAL TRESPASS,TO LAND,"SCHOOL, PRIVATE, GROUNDS",true,false,0113,001,2,32,26,1176528,1899005,2016,09/08/2016 03:48:43 PM,41.878222138,-87.627288482,"(41.878222138, -87.627288482)"
10665440,HZ415837,09/01/2016 08:50:00 AM,028XX N TROY ST,0486,BATTERY,DOMESTIC BATTERY SIMPLE,SIDEWALK,false,true,1411,014,35,21,08B,1154885,1918805,2016,09/08/2016 03:48:43 PM,41.933016176,-87.706225209,"(41.933016176, -87.706225209)"
10665484,HZ415862,09/01/2016 08:55:00 AM,079XX S BENNETT AVE,051A,ASSAULT,AGGRAVATED: HANDGUN,RESIDENCE,false,true,0414,004,8,46,04A,1190247,1852722,2016,09/08/2016 03:48:43 PM,41.750898156,-87.578409321,"(41.750898156, -87.578409321)"
10665243,HZ415856,09/01/2016 08:55:00 AM,016XX W 77TH ST,0486,BATTERY,DOMESTIC BATTERY SIMPLE,APARTMENT,true,true,0611,006,17,71,08B,1166823,1853653,2016,09/08/2016 03:48:43 PM,41.753984879,-87.664219493,"(41.753984879, -87.664219493)"
10665202,HZ415880,09/01/2016 08:57:00 AM,036XX W DIVERSEY AVE,0810,THEFT,OVER $500,ALLEY,false,false,2524,025,35,22,06,1151424,1918369,2016,09/08/2016 03:48:43 PM,41.931888519,-87.718955649,"(41.931888519, -87.718955649)"
10705113,HZ461438,09/01/2016 09:00:00 AM,023XX N KEYSTONE AVE,1153,DECEPTIVE PRACTICE,FINANCIAL IDENTITY THEFT OVER $ 300,OTHER,false,false,2525,025,31,20,11,,,2016,10/05/2016 03:52:03 PM,,,
10691026,HZ445457,09/01/2016 09:00:00 AM,004XX N WELLS ST,0810,THEFT,OVER $500,STREET,false,false,1831,018,42,8,06,1174661,1903052,2016,09/26/2016 03:52:09 PM,41.889369287,-87.634022523,"(41.889369287, -87.634022523)"
10690587,HZ444915,09/01/2016 09:00:00 AM,012XX W NORTH AVE,0810,THEFT,OVER $500,OTHER,false,false,1433,014,32,24,06,1168038,1910796,2016,09/26/2016 03:52:09 PM,41.910764867,-87.658120918,"(41.910764867, -87.658120918)"
10681442,HZ434250,09/01/2016 09:00:00 AM,007XX S FINANCIAL PL,0620,BURGLARY,UNLAWFUL ENTRY,RESIDENCE,false,false,0123,001,2,32,05,1175104,1897037,2016,09/19/2016 03:49:04 PM,41.87285385,-87.632576028,"(41.87285385, -87.632576028)"
10674923,HZ426949,09/01/2016 09:00:00 AM,018XX S KARLOV AVE,0810,THEFT,OVER $500,APARTMENT,false,true,1012,010,24,29,06,1149358,1890586,2016,09/12/2016 03:57:28 PM,41.855689417,-87.727269139,"(41.855689417, -87.727269139)"
10673610,HZ425350,09/01/2016 09:00:00 AM,080XX S MAPLEWOOD AVE,1110,DECEPTIVE PRACTICE,BOGUS CHECK,RESIDENCE,false,false,0835,008,18,70,11,1160781,1851055,2016,09/12/2016 03:57:28 PM,41.746982385,-87.686433086,"(41.746982385, -87.686433086)"
10671261,HZ422989,09/01/2016 09:00:00 AM,065XX N MOZART ST,2825,OTHER OFFENSE,HARASSMENT BY TELEPHONE,APARTMENT,false,true,2412,024,50,2,26,1156144,1943294,2016,09/08/2016 03:48:43 PM,42.000190026,-87.700934217,"(42.000190026, -87.700934217)"
10665860,HZ416336,09/01/2016 09:00:00 AM,063XX S JUSTINE ST,2820,OTHER OFFENSE,TELEPHONE THREAT,APARTMENT,false,false,0725,007,16,67,26,1167094,1862683,2016,09/08/2016 03:48:43 PM,41.778758605,-87.662968458,"(41.778758605, -87.662968458)"
10665813,HZ416600,09/01/2016 09:00:00 AM,077XX S MARSHFIELD AVE,0610,BURGLARY,FORCIBLE ENTRY,RESIDENCE,false,false,0611,006,17,71,05,1166687,1853423,2016,09/08/2016 03:48:43 PM,41.753356628,-87.664724438,"(41.753356628, -87.664724438)"
10665697,HZ416335,09/01/2016 09:00:00 AM,016XX N WASHTENAW AVE,0610,BURGLARY,FORCIBLE ENTRY,APARTMENT,false,false,1421,014,1,24,05,1158118,1910812,2016,09/08/2016 03:48:43 PM,41.91101728,-87.694562978,"(41.91101728, -87.694562978)"
10665604,HZ416044,09/01/2016 09:00:00 AM,006XX W 80TH ST,0820,THEFT,$500 AND UNDER,SIDEWALK,false,false,0621,006,21,71,06,1173215,1851838,2016,09/08/2016 03:48:43 PM,41.748865483,-87.640848535,"(41.748865483, -87.640848535)"
10665419,HZ416104,09/01/2016 09:00:00 AM,069XX W ADDISON ST,0890,THEFT,FROM BUILDING,PARK PROPERTY,false,false,1632,016,36,17,06,1129349,1923145,2016,09/08/2016 03:48:43 PM,41.945399848,-87.799970169,"(41.945399848, -87.799970169)"
10665352,HZ416033,09/01/2016 09:00:00 AM,013XX N KILDARE AVE,2820,OTHER OFFENSE,TELEPHONE THREAT,RESIDENCE,false,true,2534,025,37,23,26,1147470,1908405,2016,09/08/2016 03:48:43 PM,41.904623168,-87.733742138,"(41.904623168, -87.733742138)"
10666982,HZ415890,09/01/2016 09:04:00 AM,078XX S DR MARTIN LUTHER KING JR DR,0460,BATTERY,SIMPLE,RESTAURANT,false,false,0623,006,6,69,08B,1180265,1853045,2016,09/08/2016 03:48:43 PM,41.752019022,-87.614977963,"(41.752019022, -87.614977963)"
10665287,HZ415889,09/01/2016 09:04:00 AM,109XX S DOTY AVE E,0860,THEFT,RETAIL THEFT,APPLIANCE STORE,true,false,0513,005,10,51,06,1185667,1832643,2016,09/08/2016 03:48:43 PM,41.695908161,-87.595822806,"(41.695908161, -87.595822806)"
10678281,HZ431021,09/01/2016 09:15:00 AM,023XX W LOGAN BLVD,0890,THEFT,FROM BUILDING,RESTAURANT,false,false,1432,014,1,22,06,1160418,1917765,2016,09/15/2016 03:48:20 PM,41.930049492,-87.685920733,"(41.930049492, -87.685920733)"
10665956,HZ416500,09/01/2016 09:15:00 AM,130XX S ELLIS AVE,1130,DECEPTIVE PRACTICE,FRAUD OR CONFIDENCE GAME,APARTMENT,false,false,0533,005,9,54,11,1185299,1818776,2016,09/08/2016 03:48:43 PM,41.657863861,-87.597603697,"(41.657863861, -87.597603697)"
10665742,HZ416212,09/01/2016 09:15:00 AM,047XX N BROADWAY,0820,THEFT,$500 AND UNDER,RESTAURANT,false,false,1914,019,48,3,06,1167488,1931888,2016,09/08/2016 03:48:43 PM,41.968654176,-87.659532372,"(41.968654176, -87.659532372)"
10665791,HZ416288,09/01/2016 09:19:00 AM,107XX S WESTERN AVE,1200,DECEPTIVE PRACTICE,STOLEN PROP: BUY/RECEIVE/POS.,BANK,true,false,2212,022,19,75,13,1162294,1833494,2016,09/08/2016 03:48:43 PM,41.69876079,-87.681376348,"(41.69876079, -87.681376348)"
10665650,HZ415900,09/01/2016 09:20:00 AM,010XX E 82ND ST,031A,ROBBERY,ARMED: HANDGUN,SMALL RETAIL STORE,false,false,0631,006,8,44,03,1184516,1850834,2016,09/08/2016 03:48:43 PM,41.745853357,-87.59946923,"(41.745853357, -87.59946923)"
10665442,HZ416004,09/01/2016 09:20:00 AM,004XX W CHICAGO AVE,143A,WEAPONS VIOLATION,UNLAWFUL POSS OF HANDGUN,PARK PROPERTY,false,false,1823,018,27,8,15,1173227,1905648,2016,09/08/2016 03:48:43 PM,41.89652481,-87.639211587,"(41.89652481, -87.639211587)"
10669724,HZ421311,09/01/2016 09:30:00 AM,014XX W 114TH PL,1153,DECEPTIVE PRACTICE,FINANCIAL IDENTITY THEFT OVER $ 300,RESIDENCE,false,false,2234,022,34,75,11,1168858,1828816,2016,09/08/2016 03:48:43 PM,41.685784724,-87.657476437,"(41.685784724, -87.657476437)"
10667373,HZ417769,09/01/2016 09:30:00 AM,041XX W FERDINAND ST,0460,BATTERY,SIMPLE,PARKING LOT/GARAGE(NON.RESID.),false,false,1111,011,28,23,08B,1148675,1903148,2016,09/08/2016 03:48:43 PM,41.890174212,-87.72945171,"(41.890174212, -87.72945171)"
10666738,HZ417426,09/01/2016 09:30:00 AM,014XX W BYRON ST,0620,BURGLARY,UNLAWFUL ENTRY,APARTMENT,false,false,1922,019,47,6,05,1166162,1926000,2016,09/08/2016 03:48:43 PM,41.952525781,-87.66457697,"(41.952525781, -87.66457697)"
10666457,HZ416187,09/01/2016 09:30:00 AM,035XX S COTTAGE GROVE AVE,1320,CRIMINAL DAMAGE,TO VEHICLE,STREET,false,false,0212,002,4,36,14,1181368,1881512,2016,09/08/2016 03:48:43 PM,41.830109681,-87.610058377,"(41.830109681, -87.610058377)"
10665416,HZ415962,09/01/2016 09:37:00 AM,0000X N LOREL AVE,0460,BATTERY,SIMPLE,ALLEY,false,false,1522,015,28,25,08B,1140719,1899740,2016,09/08/2016 03:48:43 PM,41.880972165,-87.758753958,"(41.880972165, -87.758753958)"
10665279,HZ415963,09/01/2016 09:45:00 AM,066XX S ST LAWRENCE AVE,1310,CRIMINAL DAMAGE,TO PROPERTY,APARTMENT,false,false,0321,003,20,42,14,1181373,1861211,2016,09/08/2016 03:48:43 PM,41.774401911,-87.610666272,"(41.774401911, -87.610666272)"
10665396,HZ415950,09/01/2016 09:50:00 AM,109XX S GREEN ST,1320,CRIMINAL DAMAGE,TO VEHICLE,STREET,false,false,2233,022,34,75,14,1172597,1832288,2016,09/08/2016 03:48:43 PM,41.695231129,-87.643687003,"(41.695231129, -87.643687003)"
10670997,HZ415907,09/01/2016 09:54:00 AM,022XX E 103RD ST,0820,THEFT,$500 AND UNDER,OTHER,false,false,0434,004,10,51,06,1192874,1837123,2016,09/08/2016 03:48:43 PM,41.708029389,-87.569290282,"(41.708029389, -87.569290282)"
10680996,HZ433908,09/01/2016 10:00:00 AM,080XX S RICHMOND ST,2825,OTHER OFFENSE,HARASSMENT BY TELEPHONE,RESIDENCE,false,false,0835,008,18,70,26,1158109,1851193,2016,09/19/2016 03:49:04 PM,41.747415787,-87.696220334,"(41.747415787, -87.696220334)"
10677908,HZ430688,09/01/2016 10:00:00 AM,006XX W MELROSE ST,0820,THEFT,$500 AND UNDER,VEHICLE NON-COMMERCIAL,false,false,1925,019,44,6,06,1171271,1921881,2016,09/15/2016 03:48:20 PM,41.941112165,-87.645917666,"(41.941112165, -87.645917666)"
10672750,HZ424653,09/01/2016 10:00:00 AM,050XX W PALMER ST,0620,BURGLARY,UNLAWFUL ENTRY,RESIDENCE,false,false,2522,025,31,19,05,1142242,1914155,2016,09/12/2016 03:57:28 PM,41.920500465,-87.752803349,"(41.920500465, -87.752803349)"
10672538,HZ424199,09/01/2016 10:00:00 AM,008XX N GREENVIEW AVE,0820,THEFT,$500 AND UNDER,OTHER,false,false,1213,012,27,24,06,1166220,1905912,2016,09/12/2016 03:57:28 PM,41.897401921,-87.664939363,"(41.897401921, -87.664939363)"
10672423,HZ424202,09/01/2016 10:00:00 AM,001XX W 116TH ST,2820,OTHER OFFENSE,TELEPHONE THREAT,RESIDENCE,false,false,0522,005,34,53,26,1177228,1827684,2016,09/12/2016 03:57:28 PM,41.682494068,-87.626869725,"(41.682494068, -87.626869725)"
10672336,HZ424066,09/01/2016 10:00:00 AM,027XX S ELEANOR ST,0890,THEFT,FROM BUILDING,CONSTRUCTION SITE,false,false,0913,009,11,60,06,1167478,1886551,2016,09/12/2016 03:57:28 PM,41.844246787,-87.660875986,"(41.844246787, -87.660875986)"
10667948,HZ416132,09/01/2016 10:00:00 AM,056XX S GREEN ST,0497,BATTERY,AGGRAVATED DOMESTIC BATTERY: OTHER DANG WEAPON,APARTMENT,false,true,0712,007,20,68,04B,1171599,1867529,2016,09/08/2016 03:48:43 PM,41.791959021,-87.646310856,"(41.791959021, -87.646310856)"
10666808,HZ417404,09/01/2016 10:00:00 AM,081XX S MARSHFIELD AVE,0610,BURGLARY,FORCIBLE ENTRY,RESIDENCE,false,false,0614,006,21,71,05,1166759,1850716,2016,09/08/2016 03:48:43 PM,41.745926703,-87.664537693,"(41.745926703, -87.664537693)"
10666290,HZ417136,09/01/2016 10:00:00 AM,042XX W IRVING PARK RD,0910,MOTOR VEHICLE THEFT,AUTOMOBILE,PARKING LOT/GARAGE(NON.RESID.),false,false,1722,017,38,16,07,1147576,1926251,2016,09/08/2016 03:48:43 PM,41.953592191,-87.7328937,"(41.953592191, -87.7328937)"
10665613,HZ416238,09/01/2016 10:00:00 AM,001XX N CENTRAL PARK DR,1320,CRIMINAL DAMAGE,TO VEHICLE,PARK PROPERTY,false,false,1122,011,28,27,14,1152171,1901053,2016,09/08/2016 03:48:43 PM,41.884357083,-87.716667996,"(41.884357083, -87.716667996)"
10665404,HZ415969,09/01/2016 10:00:00 AM,113XX S CARPENTER ST,0460,BATTERY,SIMPLE,RESIDENCE,false,false,2234,022,34,75,08B,1171359,1829381,2016,09/08/2016 03:48:43 PM,41.687280968,-87.64830436,"(41.687280968, -87.64830436)"
10665431,HZ415978,09/01/2016 10:10:00 AM,023XX N CALIFORNIA AVE,051A,ASSAULT,AGGRAVATED: HANDGUN,SIDEWALK,false,false,1414,014,35,22,04A,1157321,1915225,2016,09/08/2016 03:48:43 PM,41.92314315,-87.697370668,"(41.92314315, -87.697370668)"
10665368,HZ416006,09/01/2016 10:11:00 AM,054XX W NORTH AVE,5007,OTHER OFFENSE,OTHER WEAPONS VIOLATION,SIDEWALK,false,false,2532,025,37,25,26,1139768,1910101,2016,09/08/2016 03:48:43 PM,41.909421431,-87.761992667,"(41.909421431, -87.761992667)"
10665502,HZ415970,09/01/2016 10:13:00 AM,0000X S PULASKI RD,1345,CRIMINAL DAMAGE,TO CITY OF CHICAGO PROPERTY,CTA BUS,false,false,1115,011,28,26,14,1149732,1899610,2016,09/08/2016 03:48:43 PM,41.880445077,-87.725661897,"(41.880445077, -87.725661897)"
10665438,HZ416123,09/01/2016 10:15:00 AM,015XX N KINGSBURY ST,0820,THEFT,$500 AND UNDER,PARKING LOT/GARAGE(NON.RESID.),false,false,1822,018,32,8,06,1169199,1910732,2016,09/08/2016 03:48:43 PM,41.910564089,-87.653857711,"(41.910564089, -87.653857711)"
10665281,HZ415968,09/01/2016 10:15:00 AM,069XX N SHERIDAN RD,0486,BATTERY,DOMESTIC BATTERY SIMPLE,APARTMENT,false,true,2431,024,49,1,08B,1166822,1946080,2016,09/08/2016 03:48:43 PM,42.007611727,-87.661571906,"(42.007611727, -87.661571906)"
10665792,HZ416015,09/01/2016 10:20:00 AM,041XX W ROOSEVELT RD,1200,DECEPTIVE PRACTICE,STOLEN PROP: BUY/RECEIVE/POS.,SMALL RETAIL STORE,false,false,1011,010,24,29,13,1149077,1894388,2016,09/08/2016 03:48:43 PM,41.866128006,-87.728202194,"(41.866128006, -87.728202194)"
10665539,HZ416003,09/01/2016 10:20:00 AM,005XX W HARRISON ST,5000,OTHER OFFENSE,OTHER CRIME AGAINST PERSON,GOVERNMENT BUILDING/PROPERTY,false,false,0124,001,2,28,26,1172659,1897574,2016,09/08/2016 03:48:43 PM,41.874381838,-87.641536792,"(41.874381838, -87.641536792)"
10665933,HZ416701,09/01/2016 10:25:00 AM,017XX W TERRA COTTA PL,0820,THEFT,$500 AND UNDER,VEHICLE NON-COMMERCIAL,false,false,1931,019,32,7,06,1164221,1916960,2016,09/08/2016 03:48:43 PM,41.927760875,-87.671968519,"(41.927760875, -87.671968519)"
10665559,HZ415995,09/01/2016 10:29:00 AM,074XX S KIMBARK AVE,0820,THEFT,$500 AND UNDER,ALLEY,false,false,0324,003,5,43,06,1186166,1856009,2016,09/08/2016 03:48:43 PM,41.760015287,-87.593260266,"(41.760015287, -87.593260266)"
10672858,HZ424785,09/01/2016 10:30:00 AM,012XX S UNION AVE,1122,DECEPTIVE PRACTICE,COUNTERFEIT CHECK,RESTAURANT,false,false,1232,012,25,28,10,1171723,1894427,2016,09/12/2016 03:57:28 PM,41.865766893,-87.645065982,"(41.865766893, -87.645065982)"
10667322,HZ418104,09/01/2016 10:30:00 AM,009XX W DIVISION ST,0460,BATTERY,SIMPLE,COMMERCIAL / BUSINESS OFFICE,false,false,1822,018,32,8,08B,1169894,1908199,2016,09/08/2016 03:48:43 PM,41.903598253,-87.651378536,"(41.903598253, -87.651378536)"
10666322,HZ415990,09/01/2016 10:30:00 AM,010XX S HOMAN AVE,0560,ASSAULT,SIMPLE,STREET,false,false,1134,011,24,29,08A,1153862,1895297,2016,09/08/2016 03:48:43 PM,41.868528502,-87.710611752,"(41.868528502, -87.710611752)"
10665833,HZ416357,09/01/2016 10:30:00 AM,095XX S STATE ST,0820,THEFT,$500 AND UNDER,CTA TRAIN,false,false,0511,005,21,49,06,1177973,1841788,2016,09/08/2016 03:48:43 PM,41.721180629,-87.623717187,"(41.721180629, -87.623717187)"
10665767,HZ416436,09/01/2016 10:30:00 AM,048XX N ASHLAND AVE,0620,BURGLARY,UNLAWFUL ENTRY,APARTMENT,false,false,2032,020,47,3,05,1164774,1932651,2016,09/08/2016 03:48:43 PM,41.970806013,-87.669489875,"(41.970806013, -87.669489875)"
10665732,HZ416470,09/01/2016 10:30:00 AM,076XX S WOOD ST,1154,DECEPTIVE PRACTICE,FINANCIAL IDENTITY THEFT $300 AND UNDER,RESIDENCE,false,false,0611,006,17,71,11,1165678,1853947,2016,09/08/2016 03:48:43 PM,41.754816016,-87.668407216,"(41.754816016, -87.668407216)"
10665538,HZ416024,09/01/2016 10:30:00 AM,065XX N SACRAMENTO AVE,0460,BATTERY,SIMPLE,STREET,false,false,2412,024,50,2,08B,1155149,1943209,2016,09/08/2016 03:48:43 PM,41.999976889,-87.704596911,"(41.999976889, -87.704596911)"
10665515,HZ416126,09/01/2016 10:30:00 AM,114XX S ST LAWRENCE AVE,0560,ASSAULT,SIMPLE,RESIDENCE,false,false,0531,005,9,50,08A,1182290,1829250,2016,09/08/2016 03:48:43 PM,41.686675992,-87.608291666,"(41.686675992, -87.608291666)"
10665430,HZ416034,09/01/2016 10:30:00 AM,029XX N DAWSON AVE,0610,BURGLARY,FORCIBLE ENTRY,RESIDENCE,false,false,1412,014,35,21,05,1153429,1919432,2016,09/08/2016 03:48:43 PM,41.934765813,-87.711559201,"(41.934765813, -87.711559201)"
10665346,HZ416041,09/01/2016 10:30:00 AM,013XX S ALBANY AVE,0890,THEFT,FROM BUILDING,APARTMENT,false,false,1022,010,24,29,06,1155928,1893512,2016,09/08/2016 03:48:43 PM,41.863588895,-87.703075093,"(41.863588895, -87.703075093)"
10665412,HZ416056,09/01/2016 10:32:00 AM,017XX W 119TH ST,2027,NARCOTICS,POSS: CRACK,PARKING LOT/GARAGE(NON.RESID.),true,false,2234,022,34,75,18,1166721,1825768,2016,09/08/2016 03:48:43 PM,41.677466222,-87.665386066,"(41.677466222, -87.665386066)"
10665288,HZ415991,09/01/2016 10:34:00 AM,018XX W FULLERTON AVE,0810,THEFT,OVER $500,SIDEWALK,false,false,1811,018,32,7,06,1163739,1915978,2016,09/08/2016 03:48:43 PM,41.925076395,-87.673767435,"(41.925076395, -87.673767435)"
10665581,HZ416012,09/01/2016 10:38:00 AM,0000X E LAKE ST,1350,CRIMINAL TRESPASS,TO STATE SUP LAND,COLLEGE/UNIVERSITY GROUNDS,true,false,0111,001,42,32,26,1176585,1901750,2016,09/08/2016 03:48:43 PM,41.885753285,-87.626996239,"(41.885753285, -87.626996239)"
10665497,HZ415985,09/01/2016 10:40:00 AM,006XX N CENTRAL PARK AVE,0520,ASSAULT,AGGRAVATED:KNIFE/CUTTING INSTR,SIDEWALK,false,false,1122,011,27,23,04A,1152271,1903971,2016,09/08/2016 03:48:43 PM,41.892362401,-87.71622372,"(41.892362401, -87.71622372)"
10665334,HZ415984,09/01/2016 10:40:00 AM,022XX W WARREN BLVD,1320,CRIMINAL DAMAGE,TO VEHICLE,STREET,false,false,1223,012,2,28,14,1161576,1900316,2016,09/08/2016 03:48:43 PM,41.882144043,-87.682152139,"(41.882144043, -87.682152139)"
10665526,HZ416008,09/01/2016 10:45:00 AM,120XX S MICHIGAN AVE,0486,BATTERY,DOMESTIC BATTERY SIMPLE,RESIDENCE,false,true,0532,005,9,53,08B,1179016,1824854,2016,09/08/2016 03:48:43 PM,41.674687705,-87.620410327,"(41.674687705, -87.620410327)"
10665472,HZ416046,09/01/2016 10:45:00 AM,052XX S DREXEL AVE,051A,ASSAULT,AGGRAVATED: HANDGUN,RESIDENCE PORCH/HALLWAY,true,false,0233,002,5,41,04A,1183132,1870498,2016,09/08/2016 03:48:43 PM,41.799845512,-87.603929335,"(41.799845512, -87.603929335)"
10665441,HZ416060,09/01/2016 10:45:00 AM,004XX E 80TH ST,0460,BATTERY,SIMPLE,APARTMENT,true,true,0631,006,6,44,08B,1180776,1852066,2016,09/08/2016 03:48:43 PM,41.749320815,-87.613135423,"(41.749320815, -87.613135423)"
10665504,HZ416107,09/01/2016 10:50:00 AM,121XX S WENTWORTH AVE,0610,BURGLARY,FORCIBLE ENTRY,RESIDENCE-GARAGE,false,false,0523,005,9,53,05,1177128,1824388,2016,09/08/2016 03:48:43 PM,41.673451586,-87.627334644,"(41.673451586, -87.627334644)"
10666357,HZ416007,09/01/2016 10:51:00 AM,043XX W AUGUSTA BLVD,1360,CRIMINAL TRESPASS,TO VEHICLE,ALLEY,false,false,1111,011,37,23,26,1147361,1906313,2016,09/08/2016 03:48:43 PM,41.898884591,-87.734196199,"(41.898884591, -87.734196199)"
10672274,HZ416011,09/01/2016 10:55:00 AM,041XX W ROOSEVELT RD,5011,OTHER OFFENSE,LICENSE VIOLATION,SMALL RETAIL STORE,false,false,1011,010,24,29,26,1149077,1894388,2016,09/12/2016 03:57:28 PM,41.866128006,-87.728202194,"(41.866128006, -87.728202194)"
10665761,HZ416526,09/01/2016 10:55:00 AM,106XX S STATE LINE RD,0890,THEFT,FROM BUILDING,RESIDENCE PORCH/HALLWAY,false,false,0432,004,10,52,06,1205117,1835015,2016,09/08/2016 03:48:43 PM,41.701938041,-87.524529465,"(41.701938041, -87.524529465)"
10666697,HZ417394,09/01/2016 11:00:00 AM,003XX W 91ST ST,2825,OTHER OFFENSE,HARASSMENT BY TELEPHONE,RESIDENCE,false,false,0634,006,21,49,26,1175810,1844595,2016,09/08/2016 03:48:43 PM,41.728932066,-87.63155596,"(41.728932066, -87.63155596)"
10666518,HZ416058,09/01/2016 11:00:00 AM,011XX N WINCHESTER AVE,0460,BATTERY,SIMPLE,VEHICLE NON-COMMERCIAL,false,false,1212,012,1,24,08B,1163183,1907961,2016,09/08/2016 03:48:43 PM,41.903088915,-87.676036193,"(41.903088915, -87.676036193)"
10666093,HZ416902,09/01/2016 11:00:00 AM,018XX S HAMLIN AVE,0486,BATTERY,DOMESTIC BATTERY SIMPLE,APARTMENT,true,true,1014,010,24,29,08B,1151347,1890681,2016,09/08/2016 03:48:43 PM,41.855911352,-87.719966,"(41.855911352, -87.719966)"
10665943,HZ416235,09/01/2016 11:00:00 AM,067XX S RACINE AVE,1320,CRIMINAL DAMAGE,TO VEHICLE,STREET,false,true,0724,007,17,68,14,1169480,1860140,2016,09/08/2016 03:48:43 PM,41.771728925,-87.654294816,"(41.771728925, -87.654294816)"
10665857,HZ416344,09/01/2016 11:00:00 AM,011XX E 81ST ST,0610,BURGLARY,FORCIBLE ENTRY,APARTMENT,false,false,0411,004,8,45,05,1185214,1851521,2016,09/08/2016 03:48:43 PM,41.747722191,-87.596890105,"(41.747722191, -87.596890105)"
10665630,HZ416240,09/01/2016 11:00:00 AM,027XX N CLYBOURN AVE,0810,THEFT,OVER $500,PARKING LOT/GARAGE(NON.RESID.),false,false,1931,019,32,7,06,1162901,1918174,2016,09/08/2016 03:48:43 PM,41.931120002,-87.676784841,"(41.931120002, -87.676784841)"
10665535,HZ416023,09/01/2016 11:00:00 AM,002XX W 75TH ST,0880,THEFT,PURSE-SNATCHING,SIDEWALK,false,false,0731,007,17,69,06,1175716,1855233,2016,09/08/2016 03:48:43 PM,41.758126171,-87.631582508,"(41.758126171, -87.631582508)"
10665522,HZ416198,09/01/2016 11:00:00 AM,114XX S EMERALD AVE,1310,CRIMINAL DAMAGE,TO PROPERTY,RESIDENCE-GARAGE,false,false,2233,022,34,49,14,1173366,1828977,2016,09/08/2016 03:48:43 PM,41.686128298,-87.640968887,"(41.686128298, -87.640968887)"
10665621,HZ416154,09/01/2016 11:02:00 AM,002XX S WACKER DR,1330,CRIMINAL TRESPASS,TO LAND,OTHER,true,false,0122,001,2,32,26,1173971,1899133,2016,09/08/2016 03:48:43 PM,41.878630716,-87.636673298,"(41.878630716, -87.636673298)"
10667357,HZ417495,09/01/2016 11:05:00 AM,005XX S DEARBORN ST,1153,DECEPTIVE PRACTICE,FINANCIAL IDENTITY THEFT OVER $ 300,,false,false,0123,001,2,32,11,1176011,1897855,2016,09/08/2016 03:48:43 PM,41.875078125,-87.629221408,"(41.875078125, -87.629221408)"
10667003,HZ416014,09/01/2016 11:06:00 AM,006XX N LARAMIE AVE,0486,BATTERY,DOMESTIC BATTERY SIMPLE,SIDEWALK,false,false,1532,015,28,25,08B,1141579,1903812,2016,09/08/2016 03:48:43 PM,41.892130391,-87.75549537,"(41.892130391, -87.75549537)"
10665603,HZ416042,09/01/2016 11:10:00 AM,052XX W MADISON ST,031A,ROBBERY,ARMED: HANDGUN,ALLEY,false,false,1522,015,28,25,03,1141512,1899523,2016,09/08/2016 03:48:43 PM,41.880362084,-87.755847438,"(41.880362084, -87.755847438)"
10665569,HZ416072,09/01/2016 11:10:00 AM,021XX W OHIO ST,0486,BATTERY,DOMESTIC BATTERY SIMPLE,APARTMENT,false,true,1221,012,26,24,08B,1162023,1903989,2016,09/08/2016 03:48:43 PM,41.892213745,-87.680408134,"(41.892213745, -87.680408134)"
10665898,HZ416575,09/01/2016 11:13:00 AM,066XX S HALSTED ST,0479,BATTERY,AGG: HANDS/FIST/FEET SERIOUS INJURY,GAS STATION,false,false,0723,007,6,68,04B,1172118,1860614,2016,09/08/2016 03:48:43 PM,41.772972076,-87.644610871,"(41.772972076, -87.644610871)"
10666127,HZ416973,09/01/2016 11:15:00 AM,010XX N RIDGEWAY AVE,0460,BATTERY,SIMPLE,STREET,false,false,1112,011,27,23,08B,1151194,1906616,2016,09/08/2016 03:48:43 PM,41.899641735,-87.72010969,"(41.899641735, -87.72010969)"
10665409,HZ416059,09/01/2016 11:15:00 AM,036XX W POLK ST,0820,THEFT,$500 AND UNDER,STREET,false,false,1133,011,24,27,06,1152321,1896125,2016,09/08/2016 03:48:43 PM,41.870831162,-87.716247283,"(41.870831162, -87.716247283)"
22755,HZ416032,09/01/2016 11:19:00 AM,042XX W WEST END AVE,0110,HOMICIDE,FIRST DEGREE MURDER,ALLEY,false,false,1114,011,28,26,01A,1148151,1900637,2016,09/08/2016 03:48:43 PM,41.883293853,-87.731440776,"(41.883293853, -87.731440776)"
10665574,HZ416070,09/01/2016 11:20:00 AM,085XX S SAGINAW AVE,0520,ASSAULT,AGGRAVATED:KNIFE/CUTTING INSTR,RESIDENCE,false,false,0423,004,7,46,04A,1195312,1848812,2016,09/08/2016 03:48:43 PM,41.740045353,-87.559977831,"(41.740045353, -87.559977831)"